Workbook

Sheet CH1-CH8
E1: TỔNG CÔNG TY CÔNG NGHIỆP CÔNG NGHỆ CAO VIETTEL | M1: Mã dự án:
E2: KHỐI 2 - TRUNG TÂM NGHIÊN CỨU THIẾT BỊ VÔ TUYẾN BĂNG RỘNG | M2: Tài liệu HDĐK:
M3: Mã sản phẩm:
E4: PHIẾU ĐO KIỂM | M4: Mã mẫu: | N4: 32T32R
A5: Thông tin về máy đo, dụng cụ đo | E5: VSA: | F5: N9020A | I5: S/N: | L5: Hạn kiểm định: | M5: 2023
E6: VSG: | F6: N5182B | I6: S/N: | J6: MY57300543 | L6: Hạn kiểm định: | M6: 2023
E7: BBU: | F7: SUPERMICRO195 | I7: Type: | J7: Xeon D | L7: FW Version:
E8: RRU: | F8: 32T32R | I8: ID. No.: | J8: 31 | L8: FW Version: | M8: 3.4.10
E9: FREQ (MHz) | F9: 2550 | I9: BW (MHz) | J9: 100 | L9: FPGA Version:
A10: Thông tin điều kiện thực hiện | E10: Địa điểm: | F10: Phòng Lab EnodeB, tầng 13, Tòa nhà Viettel Hòa Lạc
E11: Môi trường: | F11: Phòng LAB | I11: Nhiệt độ: | L11: Độ ẩm:
E12: Thời gian: | F12: Từ: | I12: Đến: | L12: Tổng thời gian:
A13: STT | B13: THAM SỐ ĐO ĐẠC | E13: ĐƠN VỊ | F13: GIÁ TRỊ YÊU CẦU | J13: GIÁ TRỊ ĐO | L13: TIÊU CHUẨN THAM CHIẾU | M13: ĐÁNH GIÁ | N13: GHI CHÚ
F14: NR-TM | G14: SPECS | H14: MIN | I14: MAX
A15: I | B15: Conducted Transmitter Characteristics
A16: 1.1 | B16: Base station output power | E16: dBm | F16: TM1.1 | G16: 40 | H16: 37.3 | I16: 42.7 | J16: PORT1 | K16: =VLOOKUP($B$16&J16&$F$16,TXRESULT!$A$1:$J$1004,6,FALSE) -> 40.1 | L16: TS 38.141 / Chapter 6.2: Base station output power | M16: =IF(ISBLANK(K16),"",IF(AND(K16*1>H16*1,K16*1<I16*1),"PASS","FAIL")) -> PASS | N16: =IF(ISBLANK(K16),"CHUADO","")
G17: 40 | H17: 37.3 | I17: 42.7 | J17: PORT2 | K17: =VLOOKUP($B$16&J17&$F$16,TXRESULT!$A$1:$J$1004,6,FALSE) -> 40.3 | M17: =IF(ISBLANK(K17),"",IF(AND(K17*1>H17*1,K17*1<I17*1),"PASS","FAIL")) -> PASS | N17: =IF(ISBLANK(K17),"CHUADO","")
G18: 40 | H18: 37.3 | I18: 42.7 | J18: PORT3 | K18: =VLOOKUP($B$16&J18&$F$16,TXRESULT!$A$1:$J$1004,6,FALSE) -> 40.1 | M18: =IF(ISBLANK(K18),"",IF(AND(K18*1>H18*1,K18*1<I18*1),"PASS","FAIL")) -> PASS | N18: =IF(ISBLANK(K18),"CHUADO","")
G19: 40 | H19: 37.3 | I19: 42.7 | J19: PORT4 | K19: =VLOOKUP($B$16&J19&$F$16,TXRESULT!$A$1:$J$1004,6,FALSE) -> 40.1 | M19: =IF(ISBLANK(K19),"",IF(AND(K19*1>H19*1,K19*1<I19*1),"PASS","FAIL")) -> PASS | N19: =IF(ISBLANK(K19),"CHUADO","")
G20: 40 | H20: 37.3 | I20: 42.7 | J20: PORT5 | K20: =VLOOKUP($B$16&J20&$F$16,TXRESULT!$A$1:$J$1004,6,FALSE) -> 39.6 | M20: =IF(ISBLANK(K20),"",IF(AND(K20*1>H20*1,K20*1<I20*1),"PASS","FAIL")) -> PASS | N20: =IF(ISBLANK(K20),"CHUADO","")
G21: 40 | H21: 37.3 | I21: 42.7 | J21: PORT6 | K21: =VLOOKUP($B$16&J21&$F$16,TXRESULT!$A$1:$J$1004,6,FALSE) -> 39.9 | M21: =IF(ISBLANK(K21),"",IF(AND(K21*1>H21*1,K21*1<I21*1),"PASS","FAIL")) -> PASS | N21: =IF(ISBLANK(K21),"CHUADO","")
G22: 40 | H22: 37.3 | I22: 42.7 | J22: PORT7 | K22: =VLOOKUP($B$16&J22&$F$16,TXRESULT!$A$1:$J$1004,6,FALSE) -> 39.9 | M22: =IF(ISBLANK(K22),"",IF(AND(K22*1>H22*1,K22*1<I22*1),"PASS","FAIL")) -> PASS | N22: =IF(ISBLANK(K22),"CHUADO","")
G23: 40 | H23: 37.3 | I23: 42.7 | J23: PORT8 | K23: =VLOOKUP($B$16&J23&$F$16,TXRESULT!$A$1:$J$1004,6,FALSE) -> 39.8 | M23: =IF(ISBLANK(K23),"",IF(AND(K23*1>H23*1,K23*1<I23*1),"PASS","FAIL")) -> PASS | N23: =IF(ISBLANK(K23),"CHUADO","")
B24: Output Power Dynamic | E24: =IF(OR(K24="",AND(H24="",I24="")),"",IF(OR(AND(K24<>"",I24<>"",K24>I24),AND(K24<>"",H24<>"",K24<H24)),"FAIL","PASS"))
A25: 1.2 | B25: Total power dynamic range | E25: dB | F25: TM2.0a TM3.1a | G25: 23.9 | H25: =G25 -> 23.9 | I25: =IF(ISBLANK('[1]CH1-CH8'!G11),"",('[1]CH1-CH8'!G11)) | J25: PORT1 | K25: =VLOOKUP($B$25&J25&$F$25,TXRESULT!$A$1:$J$1004,6,FALSE) -> 26.2 | L25: TS 38.141 / Chapter 6.3.3: Total power dynamic range / 30 kHz SCS | M25: =IF(ISBLANK(K25),"",IF(AND(K25*1>H25*1),"PASS","FAIL")) -> PASS | N25: =IF(ISBLANK(K25),"CHUADO","")
G26: =G25 -> 23.9 | H26: =H25 -> 23.9 | I26: =I25 | J26: PORT2 | K26: =VLOOKUP($B$25&J26&$F$25,TXRESULT!$A$1:$J$1004,6,FALSE) -> 26 | M26: =IF(ISBLANK(K26),"",IF(AND(K26*1>H26*1),"PASS","FAIL")) -> PASS | N26: =IF(ISBLANK(K26),"CHUADO","")
G27: =G25 -> 23.9 | H27: =H25 -> 23.9 | I27: =I25 | J27: PORT3 | K27: =VLOOKUP($B$25&J27&$F$25,TXRESULT!$A$1:$J$1004,6,FALSE) -> 26.2 | M27: =IF(ISBLANK(K27),"",IF(AND(K27*1>H27*1),"PASS","FAIL")) -> PASS | N27: =IF(ISBLANK(K27),"CHUADO","")
G28: =G25 -> 23.9 | H28: =H25 -> 23.9 | I28: =I25 | J28: PORT4 | K28: =VLOOKUP($B$25&J28&$F$25,TXRESULT!$A$1:$J$1004,6,FALSE) -> 26.3 | M28: =IF(ISBLANK(K28),"",IF(AND(K28*1>H28*1),"PASS","FAIL")) -> PASS | N28: =IF(ISBLANK(K28),"CHUADO","")
G29: =G25 -> 23.9 | H29: =H25 -> 23.9 | I29: =I25 | J29: PORT5 | K29: =VLOOKUP($B$25&J29&$F$25,TXRESULT!$A$1:$J$1004,6,FALSE) -> 26.5 | M29: =IF(ISBLANK(K29),"",IF(AND(K29*1>H29*1),"PASS","FAIL")) -> PASS | N29: =IF(ISBLANK(K29),"CHUADO","")
G30: =G25 -> 23.9 | H30: =H25 -> 23.9 | I30: =I25 | J30: PORT6 | K30: =VLOOKUP($B$25&J30&$F$25,TXRESULT!$A$1:$J$1004,6,FALSE) -> 25.8 | M30: =IF(ISBLANK(K30),"",IF(AND(K30*1>H30*1),"PASS","FAIL")) -> PASS | N30: =IF(ISBLANK(K30),"CHUADO","")
G31: =G25 -> 23.9 | H31: =H25 -> 23.9 | I31: =I25 | J31: PORT7 | K31: =VLOOKUP($B$25&J31&$F$25,TXRESULT!$A$1:$J$1004,6,FALSE) -> 26.2 | M31: =IF(ISBLANK(K31),"",IF(AND(K31*1>H31*1),"PASS","FAIL")) -> PASS | N31: =IF(ISBLANK(K31),"CHUADO","")
G32: =G25 -> 23.9 | H32: =H25 -> 23.9 | I32: =I25 | J32: PORT8 | K32: =VLOOKUP($B$25&J32&$F$25,TXRESULT!$A$1:$J$1004,6,FALSE) -> 25.9 | M32: =IF(ISBLANK(K32),"",IF(AND(K32*1>H32*1),"PASS","FAIL")) -> PASS | N32: =IF(ISBLANK(K32),"CHUADO","")
B33: TX Transmittion ON/OFF Power | M33: =IF(ISBLANK(K33),"",IF(AND(K33*1>H33*1),"PASS","FAIL"))
A34: 1.3 | B34: Transmitter OFF power | E34: dBm/ MHz | F34: TM1.1 | G34: -82.5 | H34: =IF(ISBLANK('[1]CH1-CH8'!F17),"",('[1]CH1-CH8'!F17)) | I34: -82.5 | J34: PORT1 | K34: =VLOOKUP($B$34&J34&$F$34,TXRESULT!$A$1:$J$1004,6,FALSE) -> #N/A | L34: TS 38.141 / Chapter 6.4.1: Transmitter OFF power/ 6.4.1.3 | M34: =IF(ISBLANK(K34),"",IF(AND(K34*1<I34*1),"PASS","FAIL")) -> #N/A | N34: =IF(ISBLANK(K34),"CHUADO","")
G35: =G34 -> -82.5 | H35: =H34 | I35: =I34 -> -82.5 | J35: PORT2 | K35: =VLOOKUP($B$34&J35&$F$34,TXRESULT!$A$1:$J$1004,6,FALSE) -> #N/A | M35: =IF(ISBLANK(K35),"",IF(AND(K35*1<I35*1),"PASS","FAIL")) -> #N/A | N35: =IF(ISBLANK(K35),"CHUADO","")
G36: =G34 -> -82.5 | H36: =H34 | I36: =I34 -> -82.5 | J36: PORT3 | K36: =VLOOKUP($B$34&J36&$F$34,TXRESULT!$A$1:$J$1004,6,FALSE) -> #N/A | M36: =IF(ISBLANK(K36),"",IF(AND(K36*1<I36*1),"PASS","FAIL")) -> #N/A | N36: =IF(ISBLANK(K36),"CHUADO","")
G37: =G34 -> -82.5 | H37: =H34 | I37: =I34 -> -82.5 | J37: PORT4 | K37: =VLOOKUP($B$34&J37&$F$34,TXRESULT!$A$1:$J$1004,6,FALSE) -> #N/A | M37: =IF(ISBLANK(K37),"",IF(AND(K37*1<I37*1),"PASS","FAIL")) -> #N/A | N37: =IF(ISBLANK(K37),"CHUADO","")
G38: =G34 -> -82.5 | H38: =H34 | I38: =I34 -> -82.5 | J38: PORT5 | K38: =VLOOKUP($B$34&J38&$F$34,TXRESULT!$A$1:$J$1004,6,FALSE) -> #N/A | M38: =IF(ISBLANK(K38),"",IF(AND(K38*1<I38*1),"PASS","FAIL")) -> #N/A | N38: =IF(ISBLANK(K38),"CHUADO","")
G39: =G34 -> -82.5 | H39: =H34 | I39: =I34 -> -82.5 | J39: PORT6 | K39: =VLOOKUP($B$34&J39&$F$34,TXRESULT!$A$1:$J$1004,6,FALSE) -> #N/A | M39: =IF(ISBLANK(K39),"",IF(AND(K39*1<I39*1),"PASS","FAIL")) -> #N/A | N39: =IF(ISBLANK(K39),"CHUADO","")
G40: =G34 -> -82.5 | H40: =H34 | I40: =I34 -> -82.5 | J40: PORT7 | K40: =VLOOKUP($B$34&J40&$F$34,TXRESULT!$A$1:$J$1004,6,FALSE) -> #N/A | M40: =IF(ISBLANK(K40),"",IF(AND(K40*1<I40*1),"PASS","FAIL")) -> #N/A | N40: =IF(ISBLANK(K40),"CHUADO","")
G41: =G34 -> -82.5 | H41: =H34 | I41: =I34 -> -82.5 | J41: PORT8 | K41: =VLOOKUP($B$34&J41&$F$34,TXRESULT!$A$1:$J$1004,6,FALSE) -> #N/A | M41: =IF(ISBLANK(K41),"",IF(AND(K41*1<I41*1),"PASS","FAIL")) -> #N/A | N41: =IF(ISBLANK(K41),"CHUADO","")
A42: 1.4 | B42: Transmitter transient period | E42: us | F42: TM1.1 | G42: 10 | H42: 0 | I42: 10 | J42: PORT1 | K42: =VLOOKUP($B$42&J42&$F$42,TXRESULT!$A$1:$J$1004,6,FALSE) -> #N/A | L42: TS 38.141 / Chapter 6.4.2: Transmitter transient period/ 6.4.2.2 | M42: =IF(ISBLANK(K42),"",IF(AND(K42*1>H42*1,K42*1<I42*1),"PASS","FAIL")) -> #N/A | N42: =IF(ISBLANK(K42),"CHUADO","")
G43: 10 | H43: 0 | I43: 10 | J43: PORT2 | K43: =VLOOKUP($B$42&J43&$F$42,TXRESULT!$A$1:$J$1004,6,FALSE) -> #N/A | M43: =IF(ISBLANK(K43),"",IF(AND(K43*1>H43*1,K43*1<I43*1),"PASS","FAIL")) -> #N/A | N43: =IF(ISBLANK(K43),"CHUADO","")
G44: 10 | H44: 0 | I44: 10 | J44: PORT3 | K44: =VLOOKUP($B$42&J44&$F$42,TXRESULT!$A$1:$J$1004,6,FALSE) -> #N/A | M44: =IF(ISBLANK(K44),"",IF(AND(K44*1>H44*1,K44*1<I44*1),"PASS","FAIL")) -> #N/A | N44: =IF(ISBLANK(K44),"CHUADO","")
G45: 10 | H45: 0 | I45: 10 | J45: PORT4 | K45: =VLOOKUP($B$42&J45&$F$42,TXRESULT!$A$1:$J$1004,6,FALSE) -> #N/A | M45: =IF(ISBLANK(K45),"",IF(AND(K45*1>H45*1,K45*1<I45*1),"PASS","FAIL")) -> #N/A | N45: =IF(ISBLANK(K45),"CHUADO","")
G46: 10 | H46: 0 | I46: 10 | J46: PORT5 | K46: =VLOOKUP($B$42&J46&$F$42,TXRESULT!$A$1:$J$1004,6,FALSE) -> #N/A | M46: =IF(ISBLANK(K46),"",IF(AND(K46*1>H46*1,K46*1<I46*1),"PASS","FAIL")) -> #N/A | N46: =IF(ISBLANK(K46),"CHUADO","")
G47: 10 | H47: 0 | I47: 10 | J47: PORT6 | K47: =VLOOKUP($B$42&J47&$F$42,TXRESULT!$A$1:$J$1004,6,FALSE) -> #N/A | M47: =IF(ISBLANK(K47),"",IF(AND(K47*1>H47*1,K47*1<I47*1),"PASS","FAIL")) -> #N/A | N47: =IF(ISBLANK(K47),"CHUADO","")
G48: 10 | H48: 0 | I48: 10 | J48: PORT7 | K48: =VLOOKUP($B$42&J48&$F$42,TXRESULT!$A$1:$J$1004,6,FALSE) -> #N/A | M48: =IF(ISBLANK(K48),"",IF(AND(K48*1>H48*1,K48*1<I48*1),"PASS","FAIL")) -> #N/A | N48: =IF(ISBLANK(K48),"CHUADO","")
G49: 10 | H49: 0 | I49: 10 | J49: PORT8 | K49: =VLOOKUP($B$42&J49&$F$42,TXRESULT!$A$1:$J$1004,6,FALSE) -> #N/A | M49: =IF(ISBLANK(K49),"",IF(AND(K49*1>H49*1,K49*1<I49*1),"PASS","FAIL")) -> #N/A | N49: =IF(ISBLANK(K49),"CHUADO","")
B50: Transmitted signal quality
A51: 1.5 | B51: Frequency error | E51: Hz | F51: TM2.0, TM2.0a, TM3.1, TM3.1a, TM3.2, TM3.3 | G51: 0 | H51: =-$F$9*1*0.05-12 -> -139.5 | I51: =$F$9*0.05+12 -> 139.5 | J51: PORT1 | K51: {=MAX(IF((LEFT(TXRESULT!$C$1:$C$1004,15)='CH1-CH8'!$B$51)*(TXRESULT!$B$1:$B$1004='CH1-CH8'!J51),TXRESULT!$F$1:$F$1004,""))} -> 3.3 | M51: =IF(ISBLANK(K51),"",IF(AND(K51*1>H51*1,K51*1<I51*1),"PASS","FAIL")) -> PASS | N51: =IF(ISBLANK(K51),"CHUADO","")
G52: 0 | H52: =H51 -> -139.5 | I52: =I51 -> 139.5 | J52: PORT2 | K52: {=MAX(IF((LEFT(TXRESULT!$C$1:$C$1004,15)='CH1-CH8'!$B$51)*(TXRESULT!$B$1:$B$1004='CH1-CH8'!J52),TXRESULT!$F$1:$F$1004,""))} -> 6.1 | M52: =IF(ISBLANK(K52),"",IF(AND(K52*1>H52*1,K52*1<I52*1),"PASS","FAIL")) -> PASS | N52: =IF(ISBLANK(K52),"CHUADO","")
G53: 0 | H53: =H51 -> -139.5 | I53: =I51 -> 139.5 | J53: PORT3 | K53: {=MAX(IF((LEFT(TXRESULT!$C$1:$C$1004,15)='CH1-CH8'!$B$51)*(TXRESULT!$B$1:$B$1004='CH1-CH8'!J53),TXRESULT!$F$1:$F$1004,""))} -> 10.5 | M53: =IF(ISBLANK(K53),"",IF(AND(K53*1>H53*1,K53*1<I53*1),"PASS","FAIL")) -> PASS | N53: =IF(ISBLANK(K53),"CHUADO","")
G54: 0 | H54: =H51 -> -139.5 | I54: =I51 -> 139.5 | J54: PORT4 | K54: {=MAX(IF((LEFT(TXRESULT!$C$1:$C$1004,15)='CH1-CH8'!$B$51)*(TXRESULT!$B$1:$B$1004='CH1-CH8'!J54),TXRESULT!$F$1:$F$1004,""))} -> 1.2 | M54: =IF(ISBLANK(K54),"",IF(AND(K54*1>H54*1,K54*1<I54*1),"PASS","FAIL")) -> PASS | N54: =IF(ISBLANK(K54),"CHUADO","")
G55: 0 | H55: =H51 -> -139.5 | I55: =I51 -> 139.5 | J55: PORT5 | K55: {=MAX(IF((LEFT(TXRESULT!$C$1:$C$1004,15)='CH1-CH8'!$B$51)*(TXRESULT!$B$1:$B$1004='CH1-CH8'!J55),TXRESULT!$F$1:$F$1004,""))} -> 3.4 | M55: =IF(ISBLANK(K55),"",IF(AND(K55*1>H55*1,K55*1<I55*1),"PASS","FAIL")) -> PASS | N55: =IF(ISBLANK(K55),"CHUADO","")
G56: 0 | H56: =H51 -> -139.5 | I56: =I51 -> 139.5 | J56: PORT6 | K56: {=MAX(IF((LEFT(TXRESULT!$C$1:$C$1004,15)='CH1-CH8'!$B$51)*(TXRESULT!$B$1:$B$1004='CH1-CH8'!J56),TXRESULT!$F$1:$F$1004,""))} -> 4.9 | M56: =IF(ISBLANK(K56),"",IF(AND(K56*1>H56*1,K56*1<I56*1),"PASS","FAIL")) -> PASS | N56: =IF(ISBLANK(K56),"CHUADO","")
G57: 0 | H57: =H51 -> -139.5 | I57: =I51 -> 139.5 | J57: PORT7 | K57: {=MAX(IF((LEFT(TXRESULT!$C$1:$C$1004,15)='CH1-CH8'!$B$51)*(TXRESULT!$B$1:$B$1004='CH1-CH8'!J57),TXRESULT!$F$1:$F$1004,""))} -> 8.3 | M57: =IF(ISBLANK(K57),"",IF(AND(K57*1>H57*1,K57*1<I57*1),"PASS","FAIL")) -> PASS | N57: =IF(ISBLANK(K57),"CHUADO","")
G58: 0 | H58: =H51 -> -139.5 | I58: =I51 -> 139.5 | J58: PORT8 | K58: {=MAX(IF((LEFT(TXRESULT!$C$1:$C$1004,15)='CH1-CH8'!$B$51)*(TXRESULT!$B$1:$B$1004='CH1-CH8'!J58),TXRESULT!$F$1:$F$1004,""))} -> 2.4 | M58: =IF(ISBLANK(K58),"",IF(AND(K58*1>H58*1,K58*1<I58*1),"PASS","FAIL")) -> PASS | N58: =IF(ISBLANK(K58),"CHUADO","")
A59: 1.6 | B59: 1.6.1 | C59: Modulation quality | E59: % | F59: TM3.3 | G59: 18.5 | H59: 0 | I59: 18.5 | J59: PORT1 | K59: =VLOOKUP($C$59&" "&$F$59&J59&$F$59,TXRESULT!$A$1:$I$1004,6,FALSE) -> 3.1 | L59: TS 38.141 / Chapter 6.5.2: Modulation quality/ Table 6.5.2.2-1 | M59: =IF(ISBLANK(K59),"",IF(AND(K59*1>H59*1,K59*1<I59*1),"PASS","FAIL")) -> PASS | N59: =IF(ISBLANK(K59),"CHUADO","")
G60: =G59 -> 18.5 | H60: =H59 -> 0 | I60: =I59 -> 18.5 | J60: PORT2 | K60: =VLOOKUP($C$59&" "&$F$59&J60&$F$59,TXRESULT!$A$1:$I$1004,6,FALSE) -> 3.2 | M60: =IF(ISBLANK(K60),"",IF(AND(K60*1>H60*1,K60*1<I60*1),"PASS","FAIL")) -> PASS | N60: =IF(ISBLANK(K60),"CHUADO","")
G61: =G59 -> 18.5 | H61: =H59 -> 0 | I61: =I59 -> 18.5 | J61: PORT3 | K61: =VLOOKUP($C$59&" "&$F$59&J61&$F$59,TXRESULT!$A$1:$I$1004,6,FALSE) -> 3.2 | M61: =IF(ISBLANK(K61),"",IF(AND(K61*1>H61*1,K61*1<I61*1),"PASS","FAIL")) -> PASS | N61: =IF(ISBLANK(K61),"CHUADO","")
G62: =G59 -> 18.5 | H62: =H59 -> 0 | I62: =I59 -> 18.5 | J62: PORT4 | K62: =VLOOKUP($C$59&" "&$F$59&J62&$F$59,TXRESULT!$A$1:$I$1004,6,FALSE) -> 3.1 | M62: =IF(ISBLANK(K62),"",IF(AND(K62*1>H62*1,K62*1<I62*1),"PASS","FAIL")) -> PASS | N62: =IF(ISBLANK(K62),"CHUADO","")
G63: =G59 -> 18.5 | H63: =H59 -> 0 | I63: =I59 -> 18.5 | J63: PORT5 | K63: =VLOOKUP($C$59&" "&$F$59&J63&$F$59,TXRESULT!$A$1:$I$1004,6,FALSE) -> 3.1 | M63: =IF(ISBLANK(K63),"",IF(AND(K63*1>H63*1,K63*1<I63*1),"PASS","FAIL")) -> PASS | N63: =IF(ISBLANK(K63),"CHUADO","")
G64: =G59 -> 18.5 | H64: =H59 -> 0 | I64: =I59 -> 18.5 | J64: PORT6 | K64: =VLOOKUP($C$59&" "&$F$59&J64&$F$59,TXRESULT!$A$1:$I$1004,6,FALSE) -> 3.1 | M64: =IF(ISBLANK(K64),"",IF(AND(K64*1>H64*1,K64*1<I64*1),"PASS","FAIL")) -> PASS | N64: =IF(ISBLANK(K64),"CHUADO","")
G65: =G59 -> 18.5 | H65: =H59 -> 0 | I65: =I59 -> 18.5 | J65: PORT7 | K65: =VLOOKUP($C$59&" "&$F$59&J65&$F$59,TXRESULT!$A$1:$I$1004,6,FALSE) -> 3.1 | M65: =IF(ISBLANK(K65),"",IF(AND(K65*1>H65*1,K65*1<I65*1),"PASS","FAIL")) -> PASS | N65: =IF(ISBLANK(K65),"CHUADO","")
G66: =G59 -> 18.5 | H66: =H59 -> 0 | I66: =I59 -> 18.5 | J66: PORT8 | K66: =VLOOKUP($C$59&" "&$F$59&J66&$F$59,TXRESULT!$A$1:$I$1004,6,FALSE) -> 3.1 | M66: =IF(ISBLANK(K66),"",IF(AND(K66*1>H66*1,K66*1<I66*1),"PASS","FAIL")) -> PASS | N66: =IF(ISBLANK(K66),"CHUADO","")
B67: 1.6.2 | E67: % | F67: TM3.2 | G67: 13.5 | H67: 0 | I67: 13.5 | J67: PORT1 | K67: =VLOOKUP($C$59&" "&$F$67&J67&$F$67,TXRESULT!$A$1:$I$1004,6,FALSE) -> 2.2 | M67: =IF(ISBLANK(K67),"",IF(AND(K67*1>H67*1,K67*1<I67*1),"PASS","FAIL")) -> PASS | N67: =IF(ISBLANK(K67),"CHUADO","")
G68: =G67 -> 13.5 | H68: =H67 -> 0 | I68: =I67 -> 13.5 | J68: PORT2 | K68: =VLOOKUP($C$59&" "&$F$67&J68&$F$67,TXRESULT!$A$1:$I$1004,6,FALSE) -> 2.2 | M68: =IF(ISBLANK(K68),"",IF(AND(K68*1>H68*1,K68*1<I68*1),"PASS","FAIL")) -> PASS | N68: =IF(ISBLANK(K68),"CHUADO","")
G69: =G67 -> 13.5 | H69: =H67 -> 0 | I69: =I67 -> 13.5 | J69: PORT3 | K69: =VLOOKUP($C$59&" "&$F$67&J69&$F$67,TXRESULT!$A$1:$I$1004,6,FALSE) -> 2.2 | M69: =IF(ISBLANK(K69),"",IF(AND(K69*1>H69*1,K69*1<I69*1),"PASS","FAIL")) -> PASS | N69: =IF(ISBLANK(K69),"CHUADO","")
G70: =G67 -> 13.5 | H70: =H67 -> 0 | I70: =I67 -> 13.5 | J70: PORT4 | K70: =VLOOKUP($C$59&" "&$F$67&J70&$F$67,TXRESULT!$A$1:$I$1004,6,FALSE) -> 2.2 | M70: =IF(ISBLANK(K70),"",IF(AND(K70*1>H70*1,K70*1<I70*1),"PASS","FAIL")) -> PASS | N70: =IF(ISBLANK(K70),"CHUADO","")
G71: =G67 -> 13.5 | H71: =H67 -> 0 | I71: =I67 -> 13.5 | J71: PORT5 | K71: =VLOOKUP($C$59&" "&$F$67&J71&$F$67,TXRESULT!$A$1:$I$1004,6,FALSE) -> 2.2 | M71: =IF(ISBLANK(K71),"",IF(AND(K71*1>H71*1,K71*1<I71*1),"PASS","FAIL")) -> PASS | N71: =IF(ISBLANK(K71),"CHUADO","")
G72: =G67 -> 13.5 | H72: =H67 -> 0 | I72: =I67 -> 13.5 | J72: PORT6 | K72: =VLOOKUP($C$59&" "&$F$67&J72&$F$67,TXRESULT!$A$1:$I$1004,6,FALSE) -> 2.2 | M72: =IF(ISBLANK(K72),"",IF(AND(K72*1>H72*1,K72*1<I72*1),"PASS","FAIL")) -> PASS | N72: =IF(ISBLANK(K72),"CHUADO","")
G73: =G67 -> 13.5 | H73: =H67 -> 0 | I73: =I67 -> 13.5 | J73: PORT7 | K73: =VLOOKUP($C$59&" "&$F$67&J73&$F$67,TXRESULT!$A$1:$I$1004,6,FALSE) -> 2.2 | M73: =IF(ISBLANK(K73),"",IF(AND(K73*1>H73*1,K73*1<I73*1),"PASS","FAIL")) -> PASS | N73: =IF(ISBLANK(K73),"CHUADO","")
G74: =G67 -> 13.5 | H74: =H67 -> 0 | I74: =I67 -> 13.5 | J74: PORT8 | K74: =VLOOKUP($C$59&" "&$F$67&J74&$F$67,TXRESULT!$A$1:$I$1004,6,FALSE) -> 2.2 | M74: =IF(ISBLANK(K74),"",IF(AND(K74*1>H74*1,K74*1<I74*1),"PASS","FAIL")) -> PASS | N74: =IF(ISBLANK(K74),"CHUADO","")
B75: 1.6.3 | E75: % | F75: TM2.0 | G75: 9 | H75: 0 | I75: 9 | J75: PORT1 | K75: =VLOOKUP($C$59&" "&$F$75&J75&$F$75,TXRESULT!$A$1:$I$1004,6,FALSE) -> 0.7 | M75: =IF(ISBLANK(K75),"",IF(AND(K75*1>H75*1,K75*1<I75*1),"PASS","FAIL")) -> PASS | N75: =IF(ISBLANK(K75),"CHUADO","")
G76: =G75 -> 9 | H76: =H75 -> 0 | I76: =I75 -> 9 | J76: PORT2 | K76: =VLOOKUP($C$59&" "&$F$75&J76&$F$75,TXRESULT!$A$1:$I$1004,6,FALSE) -> 0.6 | M76: =IF(ISBLANK(K76),"",IF(AND(K76*1>H76*1,K76*1<I76*1),"PASS","FAIL")) -> PASS | N76: =IF(ISBLANK(K76),"CHUADO","")
G77: =G75 -> 9 | H77: =H75 -> 0 | I77: =I75 -> 9 | J77: PORT3 | K77: =VLOOKUP($C$59&" "&$F$75&J77&$F$75,TXRESULT!$A$1:$I$1004,6,FALSE) -> 0.6 | M77: =IF(ISBLANK(K77),"",IF(AND(K77*1>H77*1,K77*1<I77*1),"PASS","FAIL")) -> PASS | N77: =IF(ISBLANK(K77),"CHUADO","")
G78: =G75 -> 9 | H78: =H75 -> 0 | I78: =I75 -> 9 | J78: PORT4 | K78: =VLOOKUP($C$59&" "&$F$75&J78&$F$75,TXRESULT!$A$1:$I$1004,6,FALSE) -> 0.5 | M78: =IF(ISBLANK(K78),"",IF(AND(K78*1>H78*1,K78*1<I78*1),"PASS","FAIL")) -> PASS | N78: =IF(ISBLANK(K78),"CHUADO","")
G79: =G75 -> 9 | H79: =H75 -> 0 | I79: =I75 -> 9 | J79: PORT5 | K79: =VLOOKUP($C$59&" "&$F$75&J79&$F$75,TXRESULT!$A$1:$I$1004,6,FALSE) -> 0.4 | M79: =IF(ISBLANK(K79),"",IF(AND(K79*1>H79*1,K79*1<I79*1),"PASS","FAIL")) -> PASS | N79: =IF(ISBLANK(K79),"CHUADO","")
G80: =G75 -> 9 | H80: =H75 -> 0 | I80: =I75 -> 9 | J80: PORT6 | K80: =VLOOKUP($C$59&" "&$F$75&J80&$F$75,TXRESULT!$A$1:$I$1004,6,FALSE) -> 0.7 | M80: =IF(ISBLANK(K80),"",IF(AND(K80*1>H80*1,K80*1<I80*1),"PASS","FAIL")) -> PASS | N80: =IF(ISBLANK(K80),"CHUADO","")
G81: =G75 -> 9 | H81: =H75 -> 0 | I81: =I75 -> 9 | J81: PORT7 | K81: =VLOOKUP($C$59&" "&$F$75&J81&$F$75,TXRESULT!$A$1:$I$1004,6,FALSE) -> 0.5 | M81: =IF(ISBLANK(K81),"",IF(AND(K81*1>H81*1,K81*1<I81*1),"PASS","FAIL")) -> PASS | N81: =IF(ISBLANK(K81),"CHUADO","")
G82: =G75 -> 9 | H82: =H75 -> 0 | I82: =I75 -> 9 | J82: PORT8 | K82: =VLOOKUP($C$59&" "&$F$75&J82&$F$75,TXRESULT!$A$1:$I$1004,6,FALSE) -> 0.6 | M82: =IF(ISBLANK(K82),"",IF(AND(K82*1>H82*1,K82*1<I82*1),"PASS","FAIL")) -> PASS | N82: =IF(ISBLANK(K82),"CHUADO","")
E83: % | F83: TM3.1 | G83: 9 | H83: 0 | I83: 9 | J83: PORT1 | K83: =VLOOKUP($C$59&" "&$F$83&J83&$F$83,TXRESULT!$A$1:$I$1004,6,FALSE) -> 1.7 | M83: =IF(ISBLANK(K83),"",IF(AND(K83*1>H83*1,K83*1<I83*1),"PASS","FAIL")) -> PASS | N83: =IF(ISBLANK(K83),"CHUADO","")
G84: =G83 -> 9 | H84: =H83 -> 0 | I84: =I83 -> 9 | J84: PORT2 | K84: =VLOOKUP($C$59&" "&$F$83&J84&$F$83,TXRESULT!$A$1:$I$1004,6,FALSE) -> 1.8 | M84: =IF(ISBLANK(K84),"",IF(AND(K84*1>H84*1,K84*1<I84*1),"PASS","FAIL")) -> PASS | N84: =IF(ISBLANK(K84),"CHUADO","")
G85: =G83 -> 9 | H85: =H83 -> 0 | I85: =I83 -> 9 | J85: PORT3 | K85: =VLOOKUP($C$59&" "&$F$83&J85&$F$83,TXRESULT!$A$1:$I$1004,6,FALSE) -> 1.7 | M85: =IF(ISBLANK(K85),"",IF(AND(K85*1>H85*1,K85*1<I85*1),"PASS","FAIL")) -> PASS | N85: =IF(ISBLANK(K85),"CHUADO","")
G86: =G83 -> 9 | H86: =H83 -> 0 | I86: =I83 -> 9 | J86: PORT4 | K86: =VLOOKUP($C$59&" "&$F$83&J86&$F$83,TXRESULT!$A$1:$I$1004,6,FALSE) -> 1.7 | M86: =IF(ISBLANK(K86),"",IF(AND(K86*1>H86*1,K86*1<I86*1),"PASS","FAIL")) -> PASS | N86: =IF(ISBLANK(K86),"CHUADO","")
G87: =G83 -> 9 | H87: =H83 -> 0 | I87: =I83 -> 9 | J87: PORT5 | K87: =VLOOKUP($C$59&" "&$F$83&J87&$F$83,TXRESULT!$A$1:$I$1004,6,FALSE) -> 1.7 | M87: =IF(ISBLANK(K87),"",IF(AND(K87*1>H87*1,K87*1<I87*1),"PASS","FAIL")) -> PASS | N87: =IF(ISBLANK(K87),"CHUADO","")
G88: =G83 -> 9 | H88: =H83 -> 0 | I88: =I83 -> 9 | J88: PORT6 | K88: =VLOOKUP($C$59&" "&$F$83&J88&$F$83,TXRESULT!$A$1:$I$1004,6,FALSE) -> 1.8 | M88: =IF(ISBLANK(K88),"",IF(AND(K88*1>H88*1,K88*1<I88*1),"PASS","FAIL")) -> PASS | N88: =IF(ISBLANK(K88),"CHUADO","")
G89: =G83 -> 9 | H89: =H83 -> 0 | I89: =I83 -> 9 | J89: PORT7 | K89: =VLOOKUP($C$59&" "&$F$83&J89&$F$83,TXRESULT!$A$1:$I$1004,6,FALSE) -> 1.7 | M89: =IF(ISBLANK(K89),"",IF(AND(K89*1>H89*1,K89*1<I89*1),"PASS","FAIL")) -> PASS | N89: =IF(ISBLANK(K89),"CHUADO","")
G90: =G83 -> 9 | H90: =H83 -> 0 | I90: =I83 -> 9 | J90: PORT8 | K90: =VLOOKUP($C$59&" "&$F$83&J90&$F$83,TXRESULT!$A$1:$I$1004,6,FALSE) -> 1.7 | M90: =IF(ISBLANK(K90),"",IF(AND(K90*1>H90*1,K90*1<I90*1),"PASS","FAIL")) -> PASS | N90: =IF(ISBLANK(K90),"CHUADO","")
B91: 1.6.4 | E91: % | F91: TM2.0a | G91: 4.5 | H91: 0 | I91: 4.5 | J91: PORT1 | K91: =VLOOKUP($C$59&" "&$F$91&J91&$F$91,TXRESULT!$A$1:$I$1004,6,FALSE) -> 1.3 | M91: =IF(ISBLANK(K91),"",IF(AND(K91*1>H91*1,K91*1<I91*1),"PASS","FAIL")) -> PASS | N91: =IF(ISBLANK(K91),"CHUADO","")
G92: =G91 -> 4.5 | H92: =H91 -> 0 | I92: =I91 -> 4.5 | J92: PORT2 | K92: =VLOOKUP($C$59&" "&$F$91&J92&$F$91,TXRESULT!$A$1:$I$1004,6,FALSE) -> 1.2 | M92: =IF(ISBLANK(K92),"",IF(AND(K92*1>H92*1,K92*1<I92*1),"PASS","FAIL")) -> PASS | N92: =IF(ISBLANK(K92),"CHUADO","")
G93: =G91 -> 4.5 | H93: =H91 -> 0 | I93: =I91 -> 4.5 | J93: PORT3 | K93: =VLOOKUP($C$59&" "&$F$91&J93&$F$91,TXRESULT!$A$1:$I$1004,6,FALSE) -> 1.2 | M93: =IF(ISBLANK(K93),"",IF(AND(K93*1>H93*1,K93*1<I93*1),"PASS","FAIL")) -> PASS | N93: =IF(ISBLANK(K93),"CHUADO","")
G94: =G91 -> 4.5 | H94: =H91 -> 0 | I94: =I91 -> 4.5 | J94: PORT4 | K94: =VLOOKUP($C$59&" "&$F$91&J94&$F$91,TXRESULT!$A$1:$I$1004,6,FALSE) -> 1.2 | M94: =IF(ISBLANK(K94),"",IF(AND(K94*1>H94*1,K94*1<I94*1),"PASS","FAIL")) -> PASS | N94: =IF(ISBLANK(K94),"CHUADO","")
G95: =G91 -> 4.5 | H95: =H91 -> 0 | I95: =I91 -> 4.5 | J95: PORT5 | K95: =VLOOKUP($C$59&" "&$F$91&J95&$F$91,TXRESULT!$A$1:$I$1004,6,FALSE) -> 1.1 | M95: =IF(ISBLANK(K95),"",IF(AND(K95*1>H95*1,K95*1<I95*1),"PASS","FAIL")) -> PASS | N95: =IF(ISBLANK(K95),"CHUADO","")
G96: =G91 -> 4.5 | H96: =H91 -> 0 | I96: =I91 -> 4.5 | J96: PORT6 | K96: =VLOOKUP($C$59&" "&$F$91&J96&$F$91,TXRESULT!$A$1:$I$1004,6,FALSE) -> 1.3 | M96: =IF(ISBLANK(K96),"",IF(AND(K96*1>H96*1,K96*1<I96*1),"PASS","FAIL")) -> PASS | N96: =IF(ISBLANK(K96),"CHUADO","")
G97: =G91 -> 4.5 | H97: =H91 -> 0 | I97: =I91 -> 4.5 | J97: PORT7 | K97: =VLOOKUP($C$59&" "&$F$91&J97&$F$91,TXRESULT!$A$1:$I$1004,6,FALSE) -> 1.1 | M97: =IF(ISBLANK(K97),"",IF(AND(K97*1>H97*1,K97*1<I97*1),"PASS","FAIL")) -> PASS | N97: =IF(ISBLANK(K97),"CHUADO","")
G98: =G91 -> 4.5 | H98: =H91 -> 0 | I98: =I91 -> 4.5 | J98: PORT8 | K98: =VLOOKUP($C$59&" "&$F$91&J98&$F$91,TXRESULT!$A$1:$I$1004,6,FALSE) -> 1.3 | M98: =IF(ISBLANK(K98),"",IF(AND(K98*1>H98*1,K98*1<I98*1),"PASS","FAIL")) -> PASS | N98: =IF(ISBLANK(K98),"CHUADO","")
E99: % | F99: TM3.1a | G99: 4.5 | H99: 0 | I99: 4.5 | J99: PORT1 | K99: =VLOOKUP($C$59&" "&$F$99&J99&$F$99,TXRESULT!$A$1:$I$1004,6,FALSE) -> 1.7 | M99: =IF(ISBLANK(K99),"",IF(AND(K99*1>H99*1,K99*1<I99*1),"PASS","FAIL")) -> PASS | N99: =IF(ISBLANK(K99),"CHUADO","")
G100: =G99 -> 4.5 | H100: =H99 -> 0 | I100: =I99 -> 4.5 | J100: PORT2 | K100: =VLOOKUP($C$59&" "&$F$99&J100&$F$99,TXRESULT!$A$1:$I$1004,6,FALSE) -> 1.7 | M100: =IF(ISBLANK(K100),"",IF(AND(K100*1>H100*1,K100*1<I100*1),"PASS","FAIL")) -> PASS | N100: =IF(ISBLANK(K100),"CHUADO","")
...

Sheet CH9-CH16
E1: TỔNG CÔNG TY CÔNG NGHIỆP CÔNG NGHỆ CAO VIETTEL | M1: Mã dự án:
E2: KHỐI 2 - TRUNG TÂM NGHIÊN CỨU THIẾT BỊ VÔ TUYẾN BĂNG RỘNG | M2: Tài liệu HDĐK:
M3: Mã sản phẩm:
E4: PHIẾU ĐO KIỂM | M4: Mã mẫu: | N4: 32T32R
A5: Thông tin về máy đo, dụng cụ đo | E5: VSA: | F5: N9020A | I5: S/N: | L5: Hạn kiểm định: | M5: 2023
E6: VSG: | F6: N5182B | I6: S/N: | J6: MY57300543 | L6: Hạn kiểm định: | M6: 2023
E7: BBU: | F7: SUPERMICRO195 | I7: Type: | J7: Xeon D | L7: FW Version:
E8: RRU: | F8: 32T32R | I8: ID. No.: | J8: ='CH1-CH8'!$J$8 -> 31 | L8: FW Version: | M8: ='CH1-CH8'!M8 -> 3.4.10
E9: FREQ (MHz) | F9: 2550 | I9: BW (MHz) | J9: 100 | L9: FPGA Version:
A10: Thông tin điều kiện thực hiện | E10: Địa điểm: | F10: Phòng Lab EnodeB, tầng 13, Tòa nhà Viettel Hòa Lạc
E11: Môi trường: | F11: Phòng LAB | I11: Nhiệt độ: | L11: Độ ẩm:
E12: Thời gian: | F12: Từ: | I12: Đến: | L12: Tổng thời gian:
A13: STT | B13: THAM SỐ ĐO ĐẠC | E13: ĐƠN VỊ | F13: GIÁ TRỊ YÊU CẦU | J13: GIÁ TRỊ ĐO | L13: TIÊU CHUẨN THAM CHIẾU | M13: ĐÁNH GIÁ | N13: GHI CHÚ
F14: NR-TM | G14: SPECS | H14: MIN | I14: MAX
A15: I | B15: Conducted Transmitter Characteristics
A16: 1.1 | B16: Base station output power | E16: dBm | F16: TM1.1 | G16: 40 | H16: 37.3 | I16: 42.7 | J16: PORT9 | K16: =VLOOKUP($B$16&J16&$F$16,TXRESULT!$A$1:$J$1004,6,FALSE) -> 39.8 | L16: TS 38.141 / Chapter 6.2: Base station output power | M16: =IF(ISBLANK(K16),"",IF(AND(K16*1>H16*1,K16*1<I16*1),"PASS","FAIL")) -> PASS | N16: =IF(ISBLANK(K16),"CHUADO","")
G17: 40 | H17: 37.3 | I17: 42.7 | J17: PORT10 | K17: =VLOOKUP($B$16&J17&$F$16,TXRESULT!$A$1:$J$1004,6,FALSE) -> 39.5 | M17: =IF(ISBLANK(K17),"",IF(AND(K17*1>H17*1,K17*1<I17*1),"PASS","FAIL")) -> PASS | N17: =IF(ISBLANK(K17),"CHUADO","")
G18: 40 | H18: 37.3 | I18: 42.7 | J18: PORT11 | K18: =VLOOKUP($B$16&J18&$F$16,TXRESULT!$A$1:$J$1004,6,FALSE) -> 39.8 | M18: =IF(ISBLANK(K18),"",IF(AND(K18*1>H18*1,K18*1<I18*1),"PASS","FAIL")) -> PASS | N18: =IF(ISBLANK(K18),"CHUADO","")
G19: 40 | H19: 37.3 | I19: 42.7 | J19: PORT12 | K19: =VLOOKUP($B$16&J19&$F$16,TXRESULT!$A$1:$J$1004,6,FALSE) -> 39.6 | M19: =IF(ISBLANK(K19),"",IF(AND(K19*1>H19*1,K19*1<I19*1),"PASS","FAIL")) -> PASS | N19: =IF(ISBLANK(K19),"CHUADO","")
G20: 40 | H20: 37.3 | I20: 42.7 | J20: PORT13 | K20: =VLOOKUP($B$16&J20&$F$16,TXRESULT!$A$1:$J$1004,6,FALSE) -> 39.5 | M20: =IF(ISBLANK(K20),"",IF(AND(K20*1>H20*1,K20*1<I20*1),"PASS","FAIL")) -> PASS | N20: =IF(ISBLANK(K20),"CHUADO","")
G21: 40 | H21: 37.3 | I21: 42.7 | J21: PORT14 | K21: =VLOOKUP($B$16&J21&$F$16,TXRESULT!$A$1:$J$1004,6,FALSE) -> 39.8 | M21: =IF(ISBLANK(K21),"",IF(AND(K21*1>H21*1,K21*1<I21*1),"PASS","FAIL")) -> PASS | N21: =IF(ISBLANK(K21),"CHUADO","")
G22: 40 | H22: 37.3 | I22: 42.7 | J22: PORT15 | K22: =VLOOKUP($B$16&J22&$F$16,TXRESULT!$A$1:$J$1004,6,FALSE) -> 39.8 | M22: =IF(ISBLANK(K22),"",IF(AND(K22*1>H22*1,K22*1<I22*1),"PASS","FAIL")) -> PASS | N22: =IF(ISBLANK(K22),"CHUADO","")
G23: 40 | H23: 37.3 | I23: 42.7 | J23: PORT16 | K23: =VLOOKUP($B$16&J23&$F$16,TXRESULT!$A$1:$J$1004,6,FALSE) -> 39.9 | M23: =IF(ISBLANK(K23),"",IF(AND(K23*1>H23*1,K23*1<I23*1),"PASS","FAIL")) -> PASS | N23: =IF(ISBLANK(K23),"CHUADO","")
B24: Output Power Dynamic | E24: =IF(OR(K24="",AND(H24="",I24="")),"",IF(OR(AND(K24<>"",I24<>"",K24>I24),AND(K24<>"",H24<>"",K24<H24)),"FAIL","PASS"))
A25: 1.2 | B25: Total power dynamic range | E25: dB | F25: TM2.0a TM3.1a | G25: 23.9 | H25: =G25 -> 23.9 | I25: =IF(ISBLANK('[1]CH1-CH8'!G11),"",('[1]CH1-CH8'!G11)) | J25: PORT9 | K25: =VLOOKUP($B$25&J25&$F$25,TXRESULT!$A$1:$J$1004,6,FALSE) -> 26 | L25: TS 38.141 / Chapter 6.3.3: Total power dynamic range / 30 kHz SCS | M25: =IF(ISBLANK(K25),"",IF(AND(K25*1>H25*1),"PASS","FAIL")) -> PASS | N25: =IF(ISBLANK(K25),"CHUADO","")
G26: =G25 -> 23.9 | H26: =H25 -> 23.9 | I26: =I25 | J26: PORT10 | K26: =VLOOKUP($B$25&J26&$F$25,TXRESULT!$A$1:$J$1004,6,FALSE) -> 26.4 | M26: =IF(ISBLANK(K26),"",IF(AND(K26*1>H26*1),"PASS","FAIL")) -> PASS | N26: =IF(ISBLANK(K26),"CHUADO","")
G27: =G25 -> 23.9 | H27: =H25 -> 23.9 | I27: =I25 | J27: PORT11 | K27: =VLOOKUP($B$25&J27&$F$25,TXRESULT!$A$1:$J$1004,6,FALSE) -> 26.4 | M27: =IF(ISBLANK(K27),"",IF(AND(K27*1>H27*1),"PASS","FAIL")) -> PASS | N27: =IF(ISBLANK(K27),"CHUADO","")
G28: =G25 -> 23.9 | H28: =H25 -> 23.9 | I28: =I25 | J28: PORT12 | K28: =VLOOKUP($B$25&J28&$F$25,TXRESULT!$A$1:$J$1004,6,FALSE) -> 26.2 | M28: =IF(ISBLANK(K28),"",IF(AND(K28*1>H28*1),"PASS","FAIL")) -> PASS | N28: =IF(ISBLANK(K28),"CHUADO","")
G29: =G25 -> 23.9 | H29: =H25 -> 23.9 | I29: =I25 | J29: PORT13 | K29: =VLOOKUP($B$25&J29&$F$25,TXRESULT!$A$1:$J$1004,6,FALSE) -> 26.7 | M29: =IF(ISBLANK(K29),"",IF(AND(K29*1>H29*1),"PASS","FAIL")) -> PASS | N29: =IF(ISBLANK(K29),"CHUADO","")
G30: =G25 -> 23.9 | H30: =H25 -> 23.9 | I30: =I25 | J30: PORT14 | K30: =VLOOKUP($B$25&J30&$F$25,TXRESULT!$A$1:$J$1004,6,FALSE) -> 26.3 | M30: =IF(ISBLANK(K30),"",IF(AND(K30*1>H30*1),"PASS","FAIL")) -> PASS | N30: =IF(ISBLANK(K30),"CHUADO","")
G31: =G25 -> 23.9 | H31: =H25 -> 23.9 | I31: =I25 | J31: PORT15 | K31: =VLOOKUP($B$25&J31&$F$25,TXRESULT!$A$1:$J$1004,6,FALSE) -> 26.1 | M31: =IF(ISBLANK(K31),"",IF(AND(K31*1>H31*1),"PASS","FAIL")) -> PASS | N31: =IF(ISBLANK(K31),"CHUADO","")
G32: =G25 -> 23.9 | H32: =H25 -> 23.9 | I32: =I25 | J32: PORT16 | K32: =VLOOKUP($B$25&J32&$F$25,TXRESULT!$A$1:$J$1004,6,FALSE) -> 26.5 | M32: =IF(ISBLANK(K32),"",IF(AND(K32*1>H32*1),"PASS","FAIL")) -> PASS | N32: =IF(ISBLANK(K32),"CHUADO","")
B33: TX Transmittion ON/OFF Power | M33: =IF(ISBLANK(K33),"",IF(AND(K33*1>H33*1),"PASS","FAIL"))
A34: 1.3 | B34: Transmitter OFF power | E34: dBm/ MHz | F34: TM1.1 | G34: -82.5 | H34: =IF(ISBLANK('[1]CH1-CH8'!F17),"",('[1]CH1-CH8'!F17)) | I34: -82.5 | J34: PORT9 | K34: =VLOOKUP($B$34&J34&$F$34,TXRESULT!$A$1:$J$1004,6,FALSE) -> #N/A | L34: TS 38.141 / Chapter 6.4.1: Transmitter OFF power/ 6.4.1.3 | M34: =IF(ISBLANK(K34),"",IF(AND(K34*1<I34*1),"PASS","FAIL")) -> #N/A | N34: =IF(ISBLANK(K34),"CHUADO","")
G35: =G34 -> -82.5 | H35: =H34 | I35: =I34 -> -82.5 | J35: PORT10 | K35: =VLOOKUP($B$34&J35&$F$34,TXRESULT!$A$1:$J$1004,6,FALSE) -> #N/A | M35: =IF(ISBLANK(K35),"",IF(AND(K35*1<I35*1),"PASS","FAIL")) -> #N/A | N35: =IF(ISBLANK(K35),"CHUADO","")
G36: =G34 -> -82.5 | H36: =H34 | I36: =I34 -> -82.5 | J36: PORT11 | K36: =VLOOKUP($B$34&J36&$F$34,TXRESULT!$A$1:$J$1004,6,FALSE) -> #N/A | M36: =IF(ISBLANK(K36),"",IF(AND(K36*1<I36*1),"PASS","FAIL")) -> #N/A | N36: =IF(ISBLANK(K36),"CHUADO","")
G37: =G34 -> -82.5 | H37: =H34 | I37: =I34 -> -82.5 | J37: PORT12 | K37: =VLOOKUP($B$34&J37&$F$34,TXRESULT!$A$1:$J$1004,6,FALSE) -> #N/A | M37: =IF(ISBLANK(K37),"",IF(AND(K37*1<I37*1),"PASS","FAIL")) -> #N/A | N37: =IF(ISBLANK(K37),"CHUADO","")
G38: =G34 -> -82.5 | H38: =H34 | I38: =I34 -> -82.5 | J38: PORT13 | K38: =VLOOKUP($B$34&J38&$F$34,TXRESULT!$A$1:$J$1004,6,FALSE) -> #N/A | M38: =IF(ISBLANK(K38),"",IF(AND(K38*1<I38*1),"PASS","FAIL")) -> #N/A | N38: =IF(ISBLANK(K38),"CHUADO","")
G39: =G34 -> -82.5 | H39: =H34 | I39: =I34 -> -82.5 | J39: PORT14 | K39: =VLOOKUP($B$34&J39&$F$34,TXRESULT!$A$1:$J$1004,6,FALSE) -> #N/A | M39: =IF(ISBLANK(K39),"",IF(AND(K39*1<I39*1),"PASS","FAIL")) -> #N/A | N39: =IF(ISBLANK(K39),"CHUADO","")
G40: =G34 -> -82.5 | H40: =H34 | I40: =I34 -> -82.5 | J40: PORT15 | K40: =VLOOKUP($B$34&J40&$F$34,TXRESULT!$A$1:$J$1004,6,FALSE) -> #N/A | M40: =IF(ISBLANK(K40),"",IF(AND(K40*1<I40*1),"PASS","FAIL")) -> #N/A | N40: =IF(ISBLANK(K40),"CHUADO","")
G41: =G34 -> -82.5 | H41: =H34 | I41: =I34 -> -82.5 | J41: PORT16 | K41: =VLOOKUP($B$34&J41&$F$34,TXRESULT!$A$1:$J$1004,6,FALSE) -> #N/A | M41: =IF(ISBLANK(K41),"",IF(AND(K41*1<I41*1),"PASS","FAIL")) -> #N/A | N41: =IF(ISBLANK(K41),"CHUADO","")
A42: 1.4 | B42: Transmitter transient period | E42: us | F42: TM1.1 | G42: 10 | H42: 0 | I42: 10 | J42: PORT9 | K42: =VLOOKUP($B$42&J42&$F$42,TXRESULT!$A$1:$J$1004,6,FALSE) -> #N/A | L42: TS 38.141 / Chapter 6.4.2: Transmitter transient period/ 6.4.2.2 | M42: =IF(ISBLANK(K42),"",IF(AND(K42*1>H42*1,K42*1<I42*1),"PASS","FAIL")) -> #N/A | N42: =IF(ISBLANK(K42),"CHUADO","")
G43: 10 | H43: 0 | I43: 10 | J43: PORT10 | K43: =VLOOKUP($B$42&J43&$F$42,TXRESULT!$A$1:$J$1004,6,FALSE) -> #N/A | M43: =IF(ISBLANK(K43),"",IF(AND(K43*1>H43*1,K43*1<I43*1),"PASS","FAIL")) -> #N/A | N43: =IF(ISBLANK(K43),"CHUADO","")
G44: 10 | H44: 0 | I44: 10 | J44: PORT11 | K44: =VLOOKUP($B$42&J44&$F$42,TXRESULT!$A$1:$J$1004,6,FALSE) -> #N/A | M44: =IF(ISBLANK(K44),"",IF(AND(K44*1>H44*1,K44*1<I44*1),"PASS","FAIL")) -> #N/A | N44: =IF(ISBLANK(K44),"CHUADO","")
G45: 10 | H45: 0 | I45: 10 | J45: PORT12 | K45: =VLOOKUP($B$42&J45&$F$42,TXRESULT!$A$1:$J$1004,6,FALSE) -> #N/A | M45: =IF(ISBLANK(K45),"",IF(AND(K45*1>H45*1,K45*1<I45*1),"PASS","FAIL")) -> #N/A | N45: =IF(ISBLANK(K45),"CHUADO","")
G46: 10 | H46: 0 | I46: 10 | J46: PORT13 | K46: =VLOOKUP($B$42&J46&$F$42,TXRESULT!$A$1:$J$1004,6,FALSE) -> #N/A | M46: =IF(ISBLANK(K46),"",IF(AND(K46*1>H46*1,K46*1<I46*1),"PASS","FAIL")) -> #N/A | N46: =IF(ISBLANK(K46),"CHUADO","")
G47: 10 | H47: 0 | I47: 10 | J47: PORT14 | K47: =VLOOKUP($B$42&J47&$F$42,TXRESULT!$A$1:$J$1004,6,FALSE) -> #N/A | M47: =IF(ISBLANK(K47),"",IF(AND(K47*1>H47*1,K47*1<I47*1),"PASS","FAIL")) -> #N/A | N47: =IF(ISBLANK(K47),"CHUADO","")
G48: 10 | H48: 0 | I48: 10 | J48: PORT15 | K48: =VLOOKUP($B$42&J48&$F$42,TXRESULT!$A$1:$J$1004,6,FALSE) -> #N/A | M48: =IF(ISBLANK(K48),"",IF(AND(K48*1>H48*1,K48*1<I48*1),"PASS","FAIL")) -> #N/A | N48: =IF(ISBLANK(K48),"CHUADO","")
G49: 10 | H49: 0 | I49: 10 | J49: PORT16 | K49: =VLOOKUP($B$42&J49&$F$42,TXRESULT!$A$1:$J$1004,6,FALSE) -> #N/A | M49: =IF(ISBLANK(K49),"",IF(AND(K49*1>H49*1,K49*1<I49*1),"PASS","FAIL")) -> #N/A | N49: =IF(ISBLANK(K49),"CHUADO","")
B50: Transmitted signal quality
A51: 1.5 | B51: Frequency error | E51: Hz | F51: TM2.0, TM2.0a, TM3.1, TM3.1a, TM3.2, TM3.3 | G51: 0 | H51: =-$F$9*1*0.05-12 -> -139.5 | I51: =$F$9*0.05+12 -> 139.5 | J51: PORT9 | K51: {=MAX(IF((LEFT(TXRESULT!$C$1:$C$1004,15)='CH9-CH16'!$B$51)*(TXRESULT!$B$1:$B$1004='CH9-CH16'!J51),TXRESULT!$F$1:$F$1004,""))} -> 5.4 | L51: TS 38.141 / Chapter 6.5.1: Frequency error/ Table 6.5.1.2-1 | M51: =IF(ISBLANK(K51),"",IF(AND(K51*1>H51*1,K51*1<I51*1),"PASS","FAIL")) -> PASS | N51: =IF(ISBLANK(K51),"CHUADO","")
G52: 0 | H52: =H51 -> -139.5 | I52: =I51 -> 139.5 | J52: PORT10 | K52: {=MAX(IF((LEFT(TXRESULT!$C$1:$C$1004,15)='CH9-CH16'!$B$51)*(TXRESULT!$B$1:$B$1004='CH9-CH16'!J52),TXRESULT!$F$1:$F$1004,""))} -> 0.5 | M52: =IF(ISBLANK(K52),"",IF(AND(K52*1>H52*1,K52*1<I52*1),"PASS","FAIL")) -> PASS | N52: =IF(ISBLANK(K52),"CHUADO","")
G53: 0 | H53: =H51 -> -139.5 | I53: =I51 -> 139.5 | J53: PORT11 | K53: {=MAX(IF((LEFT(TXRESULT!$C$1:$C$1004,15)='CH9-CH16'!$B$51)*(TXRESULT!$B$1:$B$1004='CH9-CH16'!J53),TXRESULT!$F$1:$F$1004,""))} -> 2.9 | M53: =IF(ISBLANK(K53),"",IF(AND(K53*1>H53*1,K53*1<I53*1),"PASS","FAIL")) -> PASS | N53: =IF(ISBLANK(K53),"CHUADO","")
G54: 0 | H54: =H51 -> -139.5 | I54: =I51 -> 139.5 | J54: PORT12 | K54: {=MAX(IF((LEFT(TXRESULT!$C$1:$C$1004,15)='CH9-CH16'!$B$51)*(TXRESULT!$B$1:$B$1004='CH9-CH16'!J54),TXRESULT!$F$1:$F$1004,""))} -> 2 | M54: =IF(ISBLANK(K54),"",IF(AND(K54*1>H54*1,K54*1<I54*1),"PASS","FAIL")) -> PASS | N54: =IF(ISBLANK(K54),"CHUADO","")
G55: 0 | H55: =H51 -> -139.5 | I55: =I51 -> 139.5 | J55: PORT13 | K55: {=MAX(IF((LEFT(TXRESULT!$C$1:$C$1004,15)='CH9-CH16'!$B$51)*(TXRESULT!$B$1:$B$1004='CH9-CH16'!J55),TXRESULT!$F$1:$F$1004,""))} -> 3 | M55: =IF(ISBLANK(K55),"",IF(AND(K55*1>H55*1,K55*1<I55*1),"PASS","FAIL")) -> PASS | N55: =IF(ISBLANK(K55),"CHUADO","")
G56: 0 | H56: =H51 -> -139.5 | I56: =I51 -> 139.5 | J56: PORT14 | K56: {=MAX(IF((LEFT(TXRESULT!$C$1:$C$1004,15)='CH9-CH16'!$B$51)*(TXRESULT!$B$1:$B$1004='CH9-CH16'!J56),TXRESULT!$F$1:$F$1004,""))} -> 1.9 | M56: =IF(ISBLANK(K56),"",IF(AND(K56*1>H56*1,K56*1<I56*1),"PASS","FAIL")) -> PASS | N56: =IF(ISBLANK(K56),"CHUADO","")
G57: 0 | H57: =H51 -> -139.5 | I57: =I51 -> 139.5 | J57: PORT15 | K57: {=MAX(IF((LEFT(TXRESULT!$C$1:$C$1004,15)='CH9-CH16'!$B$51)*(TXRESULT!$B$1:$B$1004='CH9-CH16'!J57),TXRESULT!$F$1:$F$1004,""))} -> 39.2 | M57: =IF(ISBLANK(K57),"",IF(AND(K57*1>H57*1,K57*1<I57*1),"PASS","FAIL")) -> PASS | N57: =IF(ISBLANK(K57),"CHUADO","")
G58: 0 | H58: =H51 -> -139.5 | I58: =I51 -> 139.5 | J58: PORT16 | K58: {=MAX(IF((LEFT(TXRESULT!$C$1:$C$1004,15)='CH9-CH16'!$B$51)*(TXRESULT!$B$1:$B$1004='CH9-CH16'!J58),TXRESULT!$F$1:$F$1004,""))} -> 19.7 | M58: =IF(ISBLANK(K58),"",IF(AND(K58*1>H58*1,K58*1<I58*1),"PASS","FAIL")) -> PASS | N58: =IF(ISBLANK(K58),"CHUADO","")
A59: 1.6 | B59: 1.6.1 | C59: Modulation quality | E59: % | F59: TM3.3 | G59: 18.5 | H59: 0 | I59: 18.5 | J59: PORT9 | K59: =VLOOKUP($C$59&" "&$F$59&J59&$F$59,TXRESULT!$A$1:$I$1004,6,FALSE) -> 3.2 | L59: TS 38.141 / Chapter 6.5.2: Modulation quality/ Table 6.5.2.2-1 | M59: =IF(ISBLANK(K59),"",IF(AND(K59*1>H59*1,K59*1<I59*1),"PASS","FAIL")) -> PASS | N59: =IF(ISBLANK(K59),"CHUADO","")
G60: =G59 -> 18.5 | H60: =H59 -> 0 | I60: =I59 -> 18.5 | J60: PORT10 | K60: =VLOOKUP($C$59&" "&$F$59&J60&$F$59,TXRESULT!$A$1:$I$1004,6,FALSE) -> 3.2 | M60: =IF(ISBLANK(K60),"",IF(AND(K60*1>H60*1,K60*1<I60*1),"PASS","FAIL")) -> PASS | N60: =IF(ISBLANK(K60),"CHUADO","")
G61: =G59 -> 18.5 | H61: =H59 -> 0 | I61: =I59 -> 18.5 | J61: PORT11 | K61: =VLOOKUP($C$59&" "&$F$59&J61&$F$59,TXRESULT!$A$1:$I$1004,6,FALSE) -> 3.2 | M61: =IF(ISBLANK(K61),"",IF(AND(K61*1>H61*1,K61*1<I61*1),"PASS","FAIL")) -> PASS | N61: =IF(ISBLANK(K61),"CHUADO","")
G62: =G59 -> 18.5 | H62: =H59 -> 0 | I62: =I59 -> 18.5 | J62: PORT12 | K62: =VLOOKUP($C$59&" "&$F$59&J62&$F$59,TXRESULT!$A$1:$I$1004,6,FALSE) -> 3.2 | M62: =IF(ISBLANK(K62),"",IF(AND(K62*1>H62*1,K62*1<I62*1),"PASS","FAIL")) -> PASS | N62: =IF(ISBLANK(K62),"CHUADO","")
G63: =G59 -> 18.5 | H63: =H59 -> 0 | I63: =I59 -> 18.5 | J63: PORT13 | K63: =VLOOKUP($C$59&" "&$F$59&J63&$F$59,TXRESULT!$A$1:$I$1004,6,FALSE) -> 3.2 | M63: =IF(ISBLANK(K63),"",IF(AND(K63*1>H63*1,K63*1<I63*1),"PASS","FAIL")) -> PASS | N63: =IF(ISBLANK(K63),"CHUADO","")
G64: =G59 -> 18.5 | H64: =H59 -> 0 | I64: =I59 -> 18.5 | J64: PORT14 | K64: =VLOOKUP($C$59&" "&$F$59&J64&$F$59,TXRESULT!$A$1:$I$1004,6,FALSE) -> 3.2 | M64: =IF(ISBLANK(K64),"",IF(AND(K64*1>H64*1,K64*1<I64*1),"PASS","FAIL")) -> PASS | N64: =IF(ISBLANK(K64),"CHUADO","")
G65: =G59 -> 18.5 | H65: =H59 -> 0 | I65: =I59 -> 18.5 | J65: PORT15 | K65: =VLOOKUP($C$59&" "&$F$59&J65&$F$59,TXRESULT!$A$1:$I$1004,6,FALSE) -> 3.2 | M65: =IF(ISBLANK(K65),"",IF(AND(K65*1>H65*1,K65*1<I65*1),"PASS","FAIL")) -> PASS | N65: =IF(ISBLANK(K65),"CHUADO","")
G66: =G59 -> 18.5 | H66: =H59 -> 0 | I66: =I59 -> 18.5 | J66: PORT16 | K66: =VLOOKUP($C$59&" "&$F$59&J66&$F$59,TXRESULT!$A$1:$I$1004,6,FALSE) -> 3.2 | M66: =IF(ISBLANK(K66),"",IF(AND(K66*1>H66*1,K66*1<I66*1),"PASS","FAIL")) -> PASS | N66: =IF(ISBLANK(K66),"CHUADO","")
B67: 1.6.2 | E67: % | F67: TM3.2 | G67: 13.5 | H67: 0 | I67: 13.5 | J67: PORT9 | K67: =VLOOKUP($C$59&" "&$F$67&J67&$F$67,TXRESULT!$A$1:$I$1004,6,FALSE) -> 2.3 | M67: =IF(ISBLANK(K67),"",IF(AND(K67*1>H67*1,K67*1<I67*1),"PASS","FAIL")) -> PASS | N67: =IF(ISBLANK(K67),"CHUADO","")
G68: =G67 -> 13.5 | H68: =H67 -> 0 | I68: =I67 -> 13.5 | J68: PORT10 | K68: =VLOOKUP($C$59&" "&$F$67&J68&$F$67,TXRESULT!$A$1:$I$1004,6,FALSE) -> 2.3 | M68: =IF(ISBLANK(K68),"",IF(AND(K68*1>H68*1,K68*1<I68*1),"PASS","FAIL")) -> PASS | N68: =IF(ISBLANK(K68),"CHUADO","")
G69: =G67 -> 13.5 | H69: =H67 -> 0 | I69: =I67 -> 13.5 | J69: PORT11 | K69: =VLOOKUP($C$59&" "&$F$67&J69&$F$67,TXRESULT!$A$1:$I$1004,6,FALSE) -> 2.3 | M69: =IF(ISBLANK(K69),"",IF(AND(K69*1>H69*1,K69*1<I69*1),"PASS","FAIL")) -> PASS | N69: =IF(ISBLANK(K69),"CHUADO","")
G70: =G67 -> 13.5 | H70: =H67 -> 0 | I70: =I67 -> 13.5 | J70: PORT12 | K70: =VLOOKUP($C$59&" "&$F$67&J70&$F$67,TXRESULT!$A$1:$I$1004,6,FALSE) -> 2.3 | M70: =IF(ISBLANK(K70),"",IF(AND(K70*1>H70*1,K70*1<I70*1),"PASS","FAIL")) -> PASS | N70: =IF(ISBLANK(K70),"CHUADO","")
G71: =G67 -> 13.5 | H71: =H67 -> 0 | I71: =I67 -> 13.5 | J71: PORT13 | K71: =VLOOKUP($C$59&" "&$F$67&J71&$F$67,TXRESULT!$A$1:$I$1004,6,FALSE) -> 5.1 | M71: =IF(ISBLANK(K71),"",IF(AND(K71*1>H71*1,K71*1<I71*1),"PASS","FAIL")) -> PASS | N71: =IF(ISBLANK(K71),"CHUADO","")
G72: =G67 -> 13.5 | H72: =H67 -> 0 | I72: =I67 -> 13.5 | J72: PORT14 | K72: =VLOOKUP($C$59&" "&$F$67&J72&$F$67,TXRESULT!$A$1:$I$1004,6,FALSE) -> 7 | M72: =IF(ISBLANK(K72),"",IF(AND(K72*1>H72*1,K72*1<I72*1),"PASS","FAIL")) -> PASS | N72: =IF(ISBLANK(K72),"CHUADO","")
G73: =G67 -> 13.5 | H73: =H67 -> 0 | I73: =I67 -> 13.5 | J73: PORT15 | K73: =VLOOKUP($C$59&" "&$F$67&J73&$F$67,TXRESULT!$A$1:$I$1004,6,FALSE) -> 69.5 | M73: =IF(ISBLANK(K73),"",IF(AND(K73*1>H73*1,K73*1<I73*1),"PASS","FAIL")) -> FAIL | N73: =IF(ISBLANK(K73),"CHUADO","")
G74: =G67 -> 13.5 | H74: =H67 -> 0 | I74: =I67 -> 13.5 | J74: PORT16 | K74: =VLOOKUP($C$59&" "&$F$67&J74&$F$67,TXRESULT!$A$1:$I$1004,6,FALSE) -> 46.9 | M74: =IF(ISBLANK(K74),"",IF(AND(K74*1>H74*1,K74*1<I74*1),"PASS","FAIL")) -> FAIL | N74: =IF(ISBLANK(K74),"CHUADO","")
B75: 1.6.3 | E75: % | F75: TM2.0 | G75: 9 | H75: 0 | I75: 9 | J75: PORT9 | K75: =VLOOKUP($C$59&" "&$F$75&J75&$F$75,TXRESULT!$A$1:$I$1004,6,FALSE) -> 0.6 | M75: =IF(ISBLANK(K75),"",IF(AND(K75*1>H75*1,K75*1<I75*1),"PASS","FAIL")) -> PASS | N75: =IF(ISBLANK(K75),"CHUADO","")
G76: =G75 -> 9 | H76: =H75 -> 0 | I76: =I75 -> 9 | J76: PORT10 | K76: =VLOOKUP($C$59&" "&$F$75&J76&$F$75,TXRESULT!$A$1:$I$1004,6,FALSE) -> 0.5 | M76: =IF(ISBLANK(K76),"",IF(AND(K76*1>H76*1,K76*1<I76*1),"PASS","FAIL")) -> PASS | N76: =IF(ISBLANK(K76),"CHUADO","")
G77: =G75 -> 9 | H77: =H75 -> 0 | I77: =I75 -> 9 | J77: PORT11 | K77: =VLOOKUP($C$59&" "&$F$75&J77&$F$75,TXRESULT!$A$1:$I$1004,6,FALSE) -> 0.5 | M77: =IF(ISBLANK(K77),"",IF(AND(K77*1>H77*1,K77*1<I77*1),"PASS","FAIL")) -> PASS | N77: =IF(ISBLANK(K77),"CHUADO","")
G78: =G75 -> 9 | H78: =H75 -> 0 | I78: =I75 -> 9 | J78: PORT12 | K78: =VLOOKUP($C$59&" "&$F$75&J78&$F$75,TXRESULT!$A$1:$I$1004,6,FALSE) -> 0.7 | M78: =IF(ISBLANK(K78),"",IF(AND(K78*1>H78*1,K78*1<I78*1),"PASS","FAIL")) -> PASS | N78: =IF(ISBLANK(K78),"CHUADO","")
G79: =G75 -> 9 | H79: =H75 -> 0 | I79: =I75 -> 9 | J79: PORT13 | K79: =VLOOKUP($C$59&" "&$F$75&J79&$F$75,TXRESULT!$A$1:$I$1004,6,FALSE) -> 0.4 | M79: =IF(ISBLANK(K79),"",IF(AND(K79*1>H79*1,K79*1<I79*1),"PASS","FAIL")) -> PASS | N79: =IF(ISBLANK(K79),"CHUADO","")
G80: =G75 -> 9 | H80: =H75 -> 0 | I80: =I75 -> 9 | J80: PORT14 | K80: =VLOOKUP($C$59&" "&$F$75&J80&$F$75,TXRESULT!$A$1:$I$1004,6,FALSE) -> 0.6 | M80: =IF(ISBLANK(K80),"",IF(AND(K80*1>H80*1,K80*1<I80*1),"PASS","FAIL")) -> PASS | N80: =IF(ISBLANK(K80),"CHUADO","")
G81: =G75 -> 9 | H81: =H75 -> 0 | I81: =I75 -> 9 | J81: PORT15 | K81: =VLOOKUP($C$59&" "&$F$75&J81&$F$75,TXRESULT!$A$1:$I$1004,6,FALSE) -> 0.6 | M81: =IF(ISBLANK(K81),"",IF(AND(K81*1>H81*1,K81*1<I81*1),"PASS","FAIL")) -> PASS | N81: =IF(ISBLANK(K81),"CHUADO","")
G82: =G75 -> 9 | H82: =H75 -> 0 | I82: =I75 -> 9 | J82: PORT16 | K82: =VLOOKUP($C$59&" "&$F$75&J82&$F$75,TXRESULT!$A$1:$I$1004,6,FALSE) -> 0.5 | M82: =IF(ISBLANK(K82),"",IF(AND(K82*1>H82*1,K82*1<I82*1),"PASS","FAIL")) -> PASS | N82: =IF(ISBLANK(K82),"CHUADO","")
E83: % | F83: TM3.1 | G83: 9 | H83: 0 | I83: 9 | J83: PORT9 | K83: =VLOOKUP($C$59&" "&$F$83&J83&$F$83,TXRESULT!$A$1:$I$1004,6,FALSE) -> 1.7 | M83: =IF(ISBLANK(K83),"",IF(AND(K83*1>H83*1,K83*1<I83*1),"PASS","FAIL")) -> PASS | N83: =IF(ISBLANK(K83),"CHUADO","")
G84: =G83 -> 9 | H84: =H83 -> 0 | I84: =I83 -> 9 | J84: PORT10 | K84: =VLOOKUP($C$59&" "&$F$83&J84&$F$83,TXRESULT!$A$1:$I$1004,6,FALSE) -> 1.7 | M84: =IF(ISBLANK(K84),"",IF(AND(K84*1>H84*1,K84*1<I84*1),"PASS","FAIL")) -> PASS | N84: =IF(ISBLANK(K84),"CHUADO","")
G85: =G83 -> 9 | H85: =H83 -> 0 | I85: =I83 -> 9 | J85: PORT11 | K85: =VLOOKUP($C$59&" "&$F$83&J85&$F$83,TXRESULT!$A$1:$I$1004,6,FALSE) -> 1.7 | M85: =IF(ISBLANK(K85),"",IF(AND(K85*1>H85*1,K85*1<I85*1),"PASS","FAIL")) -> PASS | N85: =IF(ISBLANK(K85),"CHUADO","")
G86: =G83 -> 9 | H86: =H83 -> 0 | I86: =I83 -> 9 | J86: PORT12 | K86: =VLOOKUP($C$59&" "&$F$83&J86&$F$83,TXRESULT!$A$1:$I$1004,6,FALSE) -> 1.7 | M86: =IF(ISBLANK(K86),"",IF(AND(K86*1>H86*1,K86*1<I86*1),"PASS","FAIL")) -> PASS | N86: =IF(ISBLANK(K86),"CHUADO","")
G87: =G83 -> 9 | H87: =H83 -> 0 | I87: =I83 -> 9 | J87: PORT13 | K87: =VLOOKUP($C$59&" "&$F$83&J87&$F$83,TXRESULT!$A$1:$I$1004,6,FALSE) -> 1.7 | M87: =IF(ISBLANK(K87),"",IF(AND(K87*1>H87*1,K87*1<I87*1),"PASS","FAIL")) -> PASS | N87: =IF(ISBLANK(K87),"CHUADO","")
G88: =G83 -> 9 | H88: =H83 -> 0 | I88: =I83 -> 9 | J88: PORT14 | K88: =VLOOKUP($C$59&" "&$F$83&J88&$F$83,TXRESULT!$A$1:$I$1004,6,FALSE) -> 1.8 | M88: =IF(ISBLANK(K88),"",IF(AND(K88*1>H88*1,K88*1<I88*1),"PASS","FAIL")) -> PASS | N88: =IF(ISBLANK(K88),"CHUADO","")
G89: =G83 -> 9 | H89: =H83 -> 0 | I89: =I83 -> 9 | J89: PORT15 | K89: =VLOOKUP($C$59&" "&$F$83&J89&$F$83,TXRESULT!$A$1:$I$1004,6,FALSE) -> 1.7 | M89: =IF(ISBLANK(K89),"",IF(AND(K89*1>H89*1,K89*1<I89*1),"PASS","FAIL")) -> PASS | N89: =IF(ISBLANK(K89),"CHUADO","")
G90: =G83 -> 9 | H90: =H83 -> 0 | I90: =I83 -> 9 | J90: PORT16 | K90: =VLOOKUP($C$59&" "&$F$83&J90&$F$83,TXRESULT!$A$1:$I$1004,6,FALSE) -> 1.7 | M90: =IF(ISBLANK(K90),"",IF(AND(K90*1>H90*1,K90*1<I90*1),"PASS","FAIL")) -> PASS | N90: =IF(ISBLANK(K90),"CHUADO","")
B91: 1.6.4 | E91: % | F91: TM2.0a | G91: 4.5 | H91: 0 | I91: 4.5 | J91: PORT9 | K91: =VLOOKUP($C$59&" "&$F$91&J91&$F$91,TXRESULT!$A$1:$I$1004,6,FALSE) -> 1.1 | M91: =IF(ISBLANK(K91),"",IF(AND(K91*1>H91*1,K91*1<I91*1),"PASS","FAIL")) -> PASS | N91: =IF(ISBLANK(K91),"CHUADO","")
G92: =G91 -> 4.5 | H92: =H91 -> 0 | I92: =I91 -> 4.5 | J92: PORT10 | K92: =VLOOKUP($C$59&" "&$F$91&J92&$F$91,TXRESULT!$A$1:$I$1004,6,FALSE) -> 1.5 | M92: =IF(ISBLANK(K92),"",IF(AND(K92*1>H92*1,K92*1<I92*1),"PASS","FAIL")) -> PASS | N92: =IF(ISBLANK(K92),"CHUADO","")
G93: =G91 -> 4.5 | H93: =H91 -> 0 | I93: =I91 -> 4.5 | J93: PORT11 | K93: =VLOOKUP($C$59&" "&$F$91&J93&$F$91,TXRESULT!$A$1:$I$1004,6,FALSE) -> 1.1 | M93: =IF(ISBLANK(K93),"",IF(AND(K93*1>H93*1,K93*1<I93*1),"PASS","FAIL")) -> PASS | N93: =IF(ISBLANK(K93),"CHUADO","")
G94: =G91 -> 4.5 | H94: =H91 -> 0 | I94: =I91 -> 4.5 | J94: PORT12 | K94: =VLOOKUP($C$59&" "&$F$91&J94&$F$91,TXRESULT!$A$1:$I$1004,6,FALSE) -> 1.3 | M94: =IF(ISBLANK(K94),"",IF(AND(K94*1>H94*1,K94*1<I94*1),"PASS","FAIL")) -> PASS | N94: =IF(ISBLANK(K94),"CHUADO","")
G95: =G91 -> 4.5 | H95: =H91 -> 0 | I95: =I91 -> 4.5 | J95: PORT13 | K95: =VLOOKUP($C$59&" "&$F$91&J95&$F$91,TXRESULT!$A$1:$I$1004,6,FALSE) -> 1.1 | M95: =IF(ISBLANK(K95),"",IF(AND(K95*1>H95*1,K95*1<I95*1),"PASS","FAIL")) -> PASS | N95: =IF(ISBLANK(K95),"CHUADO","")
G96: =G91 -> 4.5 | H96: =H91 -> 0 | I96: =I91 -> 4.5 | J96: PORT14 | K96: =VLOOKUP($C$59&" "&$F$91&J96&$F$91,TXRESULT!$A$1:$I$1004,6,FALSE) -> 1.3 | M96: =IF(ISBLANK(K96),"",IF(AND(K96*1>H96*1,K96*1<I96*1),"PASS","FAIL")) -> PASS | N96: =IF(ISBLANK(K96),"CHUADO","")
G97: =G91 -> 4.5 | H97: =H91 -> 0 | I97: =I91 -> 4.5 | J97: PORT15 | K97: =VLOOKUP($C$59&" "&$F$91&J97&$F$91,TXRESULT!$A$1:$I$1004,6,FALSE) -> 1.2 | M97: =IF(ISBLANK(K97),"",IF(AND(K97*1>H97*1,K97*1<I97*1),"PASS","FAIL")) -> PASS | N97: =IF(ISBLANK(K97),"CHUADO","")
G98: =G91 -> 4.5 | H98: =H91 -> 0 | I98: =I91 -> 4.5 | J98: PORT16 | K98: =VLOOKUP($C$59&" "&$F$91&J98&$F$91,TXRESULT!$A$1:$I$1004,6,FALSE) -> 1.1 | M98: =IF(ISBLANK(K98),"",IF(AND(K98*1>H98*1,K98*1<I98*1),"PASS","FAIL")) -> PASS | N98: =IF(ISBLANK(K98),"CHUADO","")
E99: % | F99: TM3.1a | G99: 4.5 | H99: 0 | I99: 4.5 | J99: PORT9 | K99: =VLOOKUP($C$59&" "&$F$99&J99&$F$99,TXRESULT!$A$1:$I$1004,6,FALSE) -> 1.6 | M99: =IF(ISBLANK(K99),"",IF(AND(K99*1>H99*1,K99*1<I99*1),"PASS","FAIL")) -> PASS | N99: =IF(ISBLANK(K99),"CHUADO","")
G100: =G99 -> 4.5 | H100: =H99 -> 0 | I100: =I99 -> 4.5 | J100: PORT10 | K100: =VLOOKUP($C$59&" "&$F$99&J100&$F$99,TXRESULT!$A$1:$I$1004,6,FALSE) -> 1.8 | M100: =IF(ISBLANK(K100),"",IF(AND(K100*1>H100*1,K100*1<I100*1),"PASS","FAIL")) -> PASS | N100: =IF(ISBLANK(K100),"CHUADO","")
...

Sheet CH17-CH24
E1: TỔNG CÔNG TY CÔNG NGHIỆP CÔNG NGHỆ CAO VIETTEL | M1: Mã dự án:
E2: KHỐI 2 - TRUNG TÂM NGHIÊN CỨU THIẾT BỊ VÔ TUYẾN BĂNG RỘNG | M2: Tài liệu HDĐK:
M3: Mã sản phẩm:
E4: PHIẾU ĐO KIỂM | M4: Mã mẫu: | N4: 32T32R
A5: Thông tin về máy đo, dụng cụ đo | E5: VSA: | F5: N9020A | I5: S/N: | L5: Hạn kiểm định: | M5: 2023
E6: VSG: | F6: N5182B | I6: S/N: | J6: MY57300543 | L6: Hạn kiểm định: | M6: 2023
E7: BBU: | F7: SUPERMICRO195 | I7: Type: | J7: Xeon D | L7: FW Version:
E8: RRU: | F8: 32T32R | I8: ID. No.: | J8: ='CH1-CH8'!$J$8 -> 31 | L8: FW Version: | M8: 2.12.10
E9: FREQ (MHz) | F9: 2550 | I9: BW (MHz) | J9: 100 | L9: FPGA Version: | M9: ='CH1-CH8'!M8 -> 3.4.10
A10: Thông tin điều kiện thực hiện | E10: Địa điểm: | F10: Phòng Lab EnodeB, tầng 13, Tòa nhà Viettel Hòa Lạc
E11: Môi trường: | F11: Phòng LAB | I11: Nhiệt độ: | L11: Độ ẩm:
E12: Thời gian: | F12: Từ: | I12: Đến: | L12: Tổng thời gian:
A13: STT | B13: THAM SỐ ĐO ĐẠC | E13: ĐƠN VỊ | F13: GIÁ TRỊ YÊU CẦU | J13: GIÁ TRỊ ĐO | L13: TIÊU CHUẨN THAM CHIẾU | M13: ĐÁNH GIÁ | N13: GHI CHÚ
F14: NR-TM | G14: SPECS | H14: MIN | I14: MAX
A15: I | B15: Conducted Transmitter Characteristics
A16: 1.1 | B16: Base station output power | E16: dBm | F16: TM1.1 | G16: 40 | H16: 37.3 | I16: 42.7 | J16: PORT17 | K16: =VLOOKUP($B$16&J16&$F$16,TXRESULT!$A$1:$J$1004,6,FALSE) -> 39.8 | L16: TS 38.141 / Chapter 6.2: Base station output power | M16: =IF(ISBLANK(K16),"",IF(AND(K16*1>H16*1,K16*1<I16*1),"PASS","FAIL")) -> PASS | N16: =IF(ISBLANK(K16),"CHUADO","")
G17: 40 | H17: 37.3 | I17: 42.7 | J17: PORT18 | K17: =VLOOKUP($B$16&J17&$F$16,TXRESULT!$A$1:$J$1004,6,FALSE) -> 39.7 | M17: =IF(ISBLANK(K17),"",IF(AND(K17*1>H17*1,K17*1<I17*1),"PASS","FAIL")) -> PASS | N17: =IF(ISBLANK(K17),"CHUADO","")
G18: 40 | H18: 37.3 | I18: 42.7 | J18: PORT19 | K18: =VLOOKUP($B$16&J18&$F$16,TXRESULT!$A$1:$J$1004,6,FALSE) -> 39.8 | M18: =IF(ISBLANK(K18),"",IF(AND(K18*1>H18*1,K18*1<I18*1),"PASS","FAIL")) -> PASS | N18: =IF(ISBLANK(K18),"CHUADO","")
G19: 40 | H19: 37.3 | I19: 42.7 | J19: PORT20 | K19: =VLOOKUP($B$16&J19&$F$16,TXRESULT!$A$1:$J$1004,6,FALSE) -> 39.6 | M19: =IF(ISBLANK(K19),"",IF(AND(K19*1>H19*1,K19*1<I19*1),"PASS","FAIL")) -> PASS | N19: =IF(ISBLANK(K19),"CHUADO","")
G20: 40 | H20: 37.3 | I20: 42.7 | J20: PORT21 | K20: =VLOOKUP($B$16&J20&$F$16,TXRESULT!$A$1:$J$1004,6,FALSE) -> 40 | M20: =IF(ISBLANK(K20),"",IF(AND(K20*1>H20*1,K20*1<I20*1),"PASS","FAIL")) -> PASS | N20: =IF(ISBLANK(K20),"CHUADO","")
G21: 40 | H21: 37.3 | I21: 42.7 | J21: PORT22 | K21: =VLOOKUP($B$16&J21&$F$16,TXRESULT!$A$1:$J$1004,6,FALSE) -> 39.5 | M21: =IF(ISBLANK(K21),"",IF(AND(K21*1>H21*1,K21*1<I21*1),"PASS","FAIL")) -> PASS | N21: =IF(ISBLANK(K21),"CHUADO","")
G22: 40 | H22: 37.3 | I22: 42.7 | J22: PORT23 | K22: =VLOOKUP($B$16&J22&$F$16,TXRESULT!$A$1:$J$1004,6,FALSE) -> 39.7 | M22: =IF(ISBLANK(K22),"",IF(AND(K22*1>H22*1,K22*1<I22*1),"PASS","FAIL")) -> PASS | N22: =IF(ISBLANK(K22),"CHUADO","")
G23: 40 | H23: 37.3 | I23: 42.7 | J23: PORT24 | K23: =VLOOKUP($B$16&J23&$F$16,TXRESULT!$A$1:$J$1004,6,FALSE) -> 39.4 | M23: =IF(ISBLANK(K23),"",IF(AND(K23*1>H23*1,K23*1<I23*1),"PASS","FAIL")) -> PASS | N23: =IF(ISBLANK(K23),"CHUADO","")
B24: Output Power Dynamic | E24: =IF(OR(K24="",AND(H24="",I24="")),"",IF(OR(AND(K24<>"",I24<>"",K24>I24),AND(K24<>"",H24<>"",K24<H24)),"FAIL","PASS"))
A25: 1.2 | B25: Total power dynamic range | E25: dB | F25: TM2.0a TM3.1a | G25: 23.9 | H25: =G25 -> 23.9 | I25: =IF(ISBLANK('[1]CH1-CH8'!G11),"",('[1]CH1-CH8'!G11)) | J25: PORT17 | K25: =VLOOKUP($B$25&J25&$F$25,TXRESULT!$A$1:$J$1004,6,FALSE) -> 26.1 | L25: TS 38.141 / Chapter 6.3.3: Total power dynamic range / 30 kHz SCS | M25: =IF(ISBLANK(K25),"",IF(AND(K25*1>H25*1),"PASS","FAIL")) -> PASS | N25: =IF(ISBLANK(K25),"CHUADO","")
G26: =G25 -> 23.9 | H26: =H25 -> 23.9 | I26: =I25 | J26: PORT18 | K26: =VLOOKUP($B$25&J26&$F$25,TXRESULT!$A$1:$J$1004,6,FALSE) -> 26.2 | M26: =IF(ISBLANK(K26),"",IF(AND(K26*1>H26*1),"PASS","FAIL")) -> PASS | N26: =IF(ISBLANK(K26),"CHUADO","")
G27: =G25 -> 23.9 | H27: =H25 -> 23.9 | I27: =I25 | J27: PORT19 | K27: =VLOOKUP($B$25&J27&$F$25,TXRESULT!$A$1:$J$1004,6,FALSE) -> 26.5 | M27: =IF(ISBLANK(K27),"",IF(AND(K27*1>H27*1),"PASS","FAIL")) -> PASS | N27: =IF(ISBLANK(K27),"CHUADO","")
G28: =G25 -> 23.9 | H28: =H25 -> 23.9 | I28: =I25 | J28: PORT20 | K28: =VLOOKUP($B$25&J28&$F$25,TXRESULT!$A$1:$J$1004,6,FALSE) -> 26 | M28: =IF(ISBLANK(K28),"",IF(AND(K28*1>H28*1),"PASS","FAIL")) -> PASS | N28: =IF(ISBLANK(K28),"CHUADO","")
G29: =G25 -> 23.9 | H29: =H25 -> 23.9 | I29: =I25 | J29: PORT21 | K29: =VLOOKUP($B$25&J29&$F$25,TXRESULT!$A$1:$J$1004,6,FALSE) -> 26.3 | M29: =IF(ISBLANK(K29),"",IF(AND(K29*1>H29*1),"PASS","FAIL")) -> PASS | N29: =IF(ISBLANK(K29),"CHUADO","")
G30: =G25 -> 23.9 | H30: =H25 -> 23.9 | I30: =I25 | J30: PORT22 | K30: =VLOOKUP($B$25&J30&$F$25,TXRESULT!$A$1:$J$1004,6,FALSE) -> 26.9 | M30: =IF(ISBLANK(K30),"",IF(AND(K30*1>H30*1),"PASS","FAIL")) -> PASS | N30: =IF(ISBLANK(K30),"CHUADO","")
G31: =G25 -> 23.9 | H31: =H25 -> 23.9 | I31: =I25 | J31: PORT23 | K31: =VLOOKUP($B$25&J31&$F$25,TXRESULT!$A$1:$J$1004,6,FALSE) -> 25.9 | M31: =IF(ISBLANK(K31),"",IF(AND(K31*1>H31*1),"PASS","FAIL")) -> PASS | N31: =IF(ISBLANK(K31),"CHUADO","")
G32: =G25 -> 23.9 | H32: =H25 -> 23.9 | I32: =I25 | J32: PORT24 | K32: =VLOOKUP($B$25&J32&$F$25,TXRESULT!$A$1:$J$1004,6,FALSE) -> 26.1 | M32: =IF(ISBLANK(K32),"",IF(AND(K32*1>H32*1),"PASS","FAIL")) -> PASS | N32: =IF(ISBLANK(K32),"CHUADO","")
B33: TX Transmittion ON/OFF Power | M33: =IF(ISBLANK(K33),"",IF(AND(K33*1>H33*1),"PASS","FAIL"))
A34: 1.3 | B34: Transmitter OFF power | E34: dBm/ MHz | F34: TM1.1 | G34: -82.5 | H34: =IF(ISBLANK('[1]CH1-CH8'!F17),"",('[1]CH1-CH8'!F17)) | I34: -82.5 | J34: PORT17 | K34: =VLOOKUP($B$34&J34&$F$34,TXRESULT!$A$1:$J$1004,6,FALSE) -> #N/A | L34: TS 38.141 / Chapter 6.4.1: Transmitter OFF power/ 6.4.1.3 | M34: =IF(ISBLANK(K34),"",IF(AND(K34*1<I34*1),"PASS","FAIL")) -> #N/A | N34: =IF(ISBLANK(K34),"CHUADO","")
G35: =G34 -> -82.5 | H35: =H34 | I35: =I34 -> -82.5 | J35: PORT18 | K35: =VLOOKUP($B$34&J35&$F$34,TXRESULT!$A$1:$J$1004,6,FALSE) -> #N/A | M35: =IF(ISBLANK(K35),"",IF(AND(K35*1<I35*1),"PASS","FAIL")) -> #N/A | N35: =IF(ISBLANK(K35),"CHUADO","")
G36: =G34 -> -82.5 | H36: =H34 | I36: =I34 -> -82.5 | J36: PORT19 | K36: =VLOOKUP($B$34&J36&$F$34,TXRESULT!$A$1:$J$1004,6,FALSE) -> #N/A | M36: =IF(ISBLANK(K36),"",IF(AND(K36*1<I36*1),"PASS","FAIL")) -> #N/A | N36: =IF(ISBLANK(K36),"CHUADO","")
G37: =G34 -> -82.5 | H37: =H34 | I37: =I34 -> -82.5 | J37: PORT20 | K37: =VLOOKUP($B$34&J37&$F$34,TXRESULT!$A$1:$J$1004,6,FALSE) -> #N/A | M37: =IF(ISBLANK(K37),"",IF(AND(K37*1<I37*1),"PASS","FAIL")) -> #N/A | N37: =IF(ISBLANK(K37),"CHUADO","")
G38: =G34 -> -82.5 | H38: =H34 | I38: =I34 -> -82.5 | J38: PORT21 | K38: =VLOOKUP($B$34&J38&$F$34,TXRESULT!$A$1:$J$1004,6,FALSE) -> #N/A | M38: =IF(ISBLANK(K38),"",IF(AND(K38*1<I38*1),"PASS","FAIL")) -> #N/A | N38: =IF(ISBLANK(K38),"CHUADO","")
G39: =G34 -> -82.5 | H39: =H34 | I39: =I34 -> -82.5 | J39: PORT22 | K39: =VLOOKUP($B$34&J39&$F$34,TXRESULT!$A$1:$J$1004,6,FALSE) -> #N/A | M39: =IF(ISBLANK(K39),"",IF(AND(K39*1<I39*1),"PASS","FAIL")) -> #N/A | N39: =IF(ISBLANK(K39),"CHUADO","")
G40: =G34 -> -82.5 | H40: =H34 | I40: =I34 -> -82.5 | J40: PORT23 | K40: =VLOOKUP($B$34&J40&$F$34,TXRESULT!$A$1:$J$1004,6,FALSE) -> #N/A | M40: =IF(ISBLANK(K40),"",IF(AND(K40*1<I40*1),"PASS","FAIL")) -> #N/A | N40: =IF(ISBLANK(K40),"CHUADO","")
G41: =G34 -> -82.5 | H41: =H34 | I41: =I34 -> -82.5 | J41: PORT24 | K41: =VLOOKUP($B$34&J41&$F$34,TXRESULT!$A$1:$J$1004,6,FALSE) -> #N/A | M41: =IF(ISBLANK(K41),"",IF(AND(K41*1<I41*1),"PASS","FAIL")) -> #N/A | N41: =IF(ISBLANK(K41),"CHUADO","")
A42: 1.4 | B42: Transmitter transient period | E42: us | F42: TM1.1 | G42: 10 | H42: 0 | I42: 10 | J42: PORT17 | K42: =VLOOKUP($B$42&J42&$F$42,TXRESULT!$A$1:$J$1004,6,FALSE) -> #N/A | L42: TS 38.141 / Chapter 6.4.2: Transmitter transient period/ 6.4.2.2 | M42: =IF(ISBLANK(K42),"",IF(AND(K42*1>H42*1,K42*1<I42*1),"PASS","FAIL")) -> #N/A | N42: =IF(ISBLANK(K42),"CHUADO","")
G43: 10 | H43: 0 | I43: 10 | J43: PORT18 | K43: =VLOOKUP($B$42&J43&$F$42,TXRESULT!$A$1:$J$1004,6,FALSE) -> #N/A | M43: =IF(ISBLANK(K43),"",IF(AND(K43*1>H43*1,K43*1<I43*1),"PASS","FAIL")) -> #N/A | N43: =IF(ISBLANK(K43),"CHUADO","")
G44: 10 | H44: 0 | I44: 10 | J44: PORT19 | K44: =VLOOKUP($B$42&J44&$F$42,TXRESULT!$A$1:$J$1004,6,FALSE) -> #N/A | M44: =IF(ISBLANK(K44),"",IF(AND(K44*1>H44*1,K44*1<I44*1),"PASS","FAIL")) -> #N/A | N44: =IF(ISBLANK(K44),"CHUADO","")
G45: 10 | H45: 0 | I45: 10 | J45: PORT20 | K45: =VLOOKUP($B$42&J45&$F$42,TXRESULT!$A$1:$J$1004,6,FALSE) -> #N/A | M45: =IF(ISBLANK(K45),"",IF(AND(K45*1>H45*1,K45*1<I45*1),"PASS","FAIL")) -> #N/A | N45: =IF(ISBLANK(K45),"CHUADO","")
G46: 10 | H46: 0 | I46: 10 | J46: PORT21 | K46: =VLOOKUP($B$42&J46&$F$42,TXRESULT!$A$1:$J$1004,6,FALSE) -> #N/A | M46: =IF(ISBLANK(K46),"",IF(AND(K46*1>H46*1,K46*1<I46*1),"PASS","FAIL")) -> #N/A | N46: =IF(ISBLANK(K46),"CHUADO","")
G47: 10 | H47: 0 | I47: 10 | J47: PORT22 | K47: =VLOOKUP($B$42&J47&$F$42,TXRESULT!$A$1:$J$1004,6,FALSE) -> #N/A | M47: =IF(ISBLANK(K47),"",IF(AND(K47*1>H47*1,K47*1<I47*1),"PASS","FAIL")) -> #N/A | N47: =IF(ISBLANK(K47),"CHUADO","")
G48: 10 | H48: 0 | I48: 10 | J48: PORT23 | K48: =VLOOKUP($B$42&J48&$F$42,TXRESULT!$A$1:$J$1004,6,FALSE) -> #N/A | M48: =IF(ISBLANK(K48),"",IF(AND(K48*1>H48*1,K48*1<I48*1),"PASS","FAIL")) -> #N/A | N48: =IF(ISBLANK(K48),"CHUADO","")
G49: 10 | H49: 0 | I49: 10 | J49: PORT24 | K49: =VLOOKUP($B$42&J49&$F$42,TXRESULT!$A$1:$J$1004,6,FALSE) -> #N/A | M49: =IF(ISBLANK(K49),"",IF(AND(K49*1>H49*1,K49*1<I49*1),"PASS","FAIL")) -> #N/A | N49: =IF(ISBLANK(K49),"CHUADO","")
B50: Transmitted signal quality
A51: 1.5 | B51: Frequency error | E51: Hz | F51: TM2.0, TM2.0a, TM3.1, TM3.1a, TM3.2, TM3.3 | G51: 0 | H51: =-$F$9*1*0.05-12 -> -139.5 | I51: =$F$9*0.05+12 -> 139.5 | J51: PORT17 | K51: {=MAX(IF((LEFT(TXRESULT!$C$1:$C$1004,15)='CH17-CH24'!$B$51)*(TXRESULT!$B$1:$B$1004='CH17-CH24'!J51),TXRESULT!$F$1:$F$1004,""))} -> 3.5 | L51: TS 38.141 / Chapter 6.5.1: Frequency error/ Table 6.5.1.2-1 | M51: =IF(ISBLANK(K51),"",IF(AND(K51*1>H51*1,K51*1<I51*1),"PASS","FAIL")) -> PASS | N51: =IF(ISBLANK(K51),"CHUADO","")
G52: 0 | H52: =H51 -> -139.5 | I52: =I51 -> 139.5 | J52: PORT18 | K52: {=MAX(IF((LEFT(TXRESULT!$C$1:$C$1004,15)='CH17-CH24'!$B$51)*(TXRESULT!$B$1:$B$1004='CH17-CH24'!J52),TXRESULT!$F$1:$F$1004,""))} -> 3 | M52: =IF(ISBLANK(K52),"",IF(AND(K52*1>H52*1,K52*1<I52*1),"PASS","FAIL")) -> PASS | N52: =IF(ISBLANK(K52),"CHUADO","")
G53: 0 | H53: =H51 -> -139.5 | I53: =I51 -> 139.5 | J53: PORT19 | K53: {=MAX(IF((LEFT(TXRESULT!$C$1:$C$1004,15)='CH17-CH24'!$B$51)*(TXRESULT!$B$1:$B$1004='CH17-CH24'!J53),TXRESULT!$F$1:$F$1004,""))} -> 3.2 | M53: =IF(ISBLANK(K53),"",IF(AND(K53*1>H53*1,K53*1<I53*1),"PASS","FAIL")) -> PASS | N53: =IF(ISBLANK(K53),"CHUADO","")
G54: 0 | H54: =H51 -> -139.5 | I54: =I51 -> 139.5 | J54: PORT20 | K54: {=MAX(IF((LEFT(TXRESULT!$C$1:$C$1004,15)='CH17-CH24'!$B$51)*(TXRESULT!$B$1:$B$1004='CH17-CH24'!J54),TXRESULT!$F$1:$F$1004,""))} -> 3.3 | M54: =IF(ISBLANK(K54),"",IF(AND(K54*1>H54*1,K54*1<I54*1),"PASS","FAIL")) -> PASS | N54: =IF(ISBLANK(K54),"CHUADO","")
G55: 0 | H55: =H51 -> -139.5 | I55: =I51 -> 139.5 | J55: PORT21 | K55: {=MAX(IF((LEFT(TXRESULT!$C$1:$C$1004,15)='CH17-CH24'!$B$51)*(TXRESULT!$B$1:$B$1004='CH17-CH24'!J55),TXRESULT!$F$1:$F$1004,""))} -> 3.2 | M55: =IF(ISBLANK(K55),"",IF(AND(K55*1>H55*1,K55*1<I55*1),"PASS","FAIL")) -> PASS | N55: =IF(ISBLANK(K55),"CHUADO","")
G56: 0 | H56: =H51 -> -139.5 | I56: =I51 -> 139.5 | J56: PORT22 | K56: {=MAX(IF((LEFT(TXRESULT!$C$1:$C$1004,15)='CH17-CH24'!$B$51)*(TXRESULT!$B$1:$B$1004='CH17-CH24'!J56),TXRESULT!$F$1:$F$1004,""))} -> 2 | M56: =IF(ISBLANK(K56),"",IF(AND(K56*1>H56*1,K56*1<I56*1),"PASS","FAIL")) -> PASS | N56: =IF(ISBLANK(K56),"CHUADO","")
G57: 0 | H57: =H51 -> -139.5 | I57: =I51 -> 139.5 | J57: PORT23 | K57: {=MAX(IF((LEFT(TXRESULT!$C$1:$C$1004,15)='CH17-CH24'!$B$51)*(TXRESULT!$B$1:$B$1004='CH17-CH24'!J57),TXRESULT!$F$1:$F$1004,""))} -> 8.1 | M57: =IF(ISBLANK(K57),"",IF(AND(K57*1>H57*1,K57*1<I57*1),"PASS","FAIL")) -> PASS | N57: =IF(ISBLANK(K57),"CHUADO","")
G58: 0 | H58: =H51 -> -139.5 | I58: =I51 -> 139.5 | J58: PORT24 | K58: {=MAX(IF((LEFT(TXRESULT!$C$1:$C$1004,15)='CH17-CH24'!$B$51)*(TXRESULT!$B$1:$B$1004='CH17-CH24'!J58),TXRESULT!$F$1:$F$1004,""))} -> 3.3 | M58: =IF(ISBLANK(K58),"",IF(AND(K58*1>H58*1,K58*1<I58*1),"PASS","FAIL")) -> PASS | N58: =IF(ISBLANK(K58),"CHUADO","")
A59: 1.6 | B59: 1.6.1 | C59: Modulation quality | E59: % | F59: TM3.3 | G59: 18.5 | H59: 0 | I59: 18.5 | J59: PORT17 | K59: =VLOOKUP($C$59&" "&$F$59&J59&$F$59,TXRESULT!$A$1:$I$1004,6,FALSE) -> 3.2 | L59: TS 38.141 / Chapter 6.5.2: Modulation quality/ Table 6.5.2.2-1 | M59: =IF(ISBLANK(K59),"",IF(AND(K59*1>H59*1,K59*1<I59*1),"PASS","FAIL")) -> PASS | N59: =IF(ISBLANK(K59),"CHUADO","")
G60: =G59 -> 18.5 | H60: =H59 -> 0 | I60: =I59 -> 18.5 | J60: PORT18 | K60: =VLOOKUP($C$59&" "&$F$59&J60&$F$59,TXRESULT!$A$1:$I$1004,6,FALSE) -> 3.2 | M60: =IF(ISBLANK(K60),"",IF(AND(K60*1>H60*1,K60*1<I60*1),"PASS","FAIL")) -> PASS | N60: =IF(ISBLANK(K60),"CHUADO","")
G61: =G59 -> 18.5 | H61: =H59 -> 0 | I61: =I59 -> 18.5 | J61: PORT19 | K61: =VLOOKUP($C$59&" "&$F$59&J61&$F$59,TXRESULT!$A$1:$I$1004,6,FALSE) -> 3.3 | M61: =IF(ISBLANK(K61),"",IF(AND(K61*1>H61*1,K61*1<I61*1),"PASS","FAIL")) -> PASS | N61: =IF(ISBLANK(K61),"CHUADO","")
G62: =G59 -> 18.5 | H62: =H59 -> 0 | I62: =I59 -> 18.5 | J62: PORT20 | K62: =VLOOKUP($C$59&" "&$F$59&J62&$F$59,TXRESULT!$A$1:$I$1004,6,FALSE) -> 3.2 | M62: =IF(ISBLANK(K62),"",IF(AND(K62*1>H62*1,K62*1<I62*1),"PASS","FAIL")) -> PASS | N62: =IF(ISBLANK(K62),"CHUADO","")
G63: =G59 -> 18.5 | H63: =H59 -> 0 | I63: =I59 -> 18.5 | J63: PORT21 | K63: =VLOOKUP($C$59&" "&$F$59&J63&$F$59,TXRESULT!$A$1:$I$1004,6,FALSE) -> 3.3 | M63: =IF(ISBLANK(K63),"",IF(AND(K63*1>H63*1,K63*1<I63*1),"PASS","FAIL")) -> PASS | N63: =IF(ISBLANK(K63),"CHUADO","")
G64: =G59 -> 18.5 | H64: =H59 -> 0 | I64: =I59 -> 18.5 | J64: PORT22 | K64: =VLOOKUP($C$59&" "&$F$59&J64&$F$59,TXRESULT!$A$1:$I$1004,6,FALSE) -> 3.2 | M64: =IF(ISBLANK(K64),"",IF(AND(K64*1>H64*1,K64*1<I64*1),"PASS","FAIL")) -> PASS | N64: =IF(ISBLANK(K64),"CHUADO","")
G65: =G59 -> 18.5 | H65: =H59 -> 0 | I65: =I59 -> 18.5 | J65: PORT23 | K65: =VLOOKUP($C$59&" "&$F$59&J65&$F$59,TXRESULT!$A$1:$I$1004,6,FALSE) -> 3.2 | M65: =IF(ISBLANK(K65),"",IF(AND(K65*1>H65*1,K65*1<I65*1),"PASS","FAIL")) -> PASS | N65: =IF(ISBLANK(K65),"CHUADO","")
G66: =G59 -> 18.5 | H66: =H59 -> 0 | I66: =I59 -> 18.5 | J66: PORT24 | K66: =VLOOKUP($C$59&" "&$F$59&J66&$F$59,TXRESULT!$A$1:$I$1004,6,FALSE) -> 3.2 | M66: =IF(ISBLANK(K66),"",IF(AND(K66*1>H66*1,K66*1<I66*1),"PASS","FAIL")) -> PASS | N66: =IF(ISBLANK(K66),"CHUADO","")
B67: 1.6.2 | E67: % | F67: TM3.2 | G67: 13.5 | H67: 0 | I67: 13.5 | J67: PORT17 | K67: =VLOOKUP($C$59&" "&$F$67&J67&$F$67,TXRESULT!$A$1:$I$1004,6,FALSE) -> 2.3 | M67: =IF(ISBLANK(K67),"",IF(AND(K67*1>H67*1,K67*1<I67*1),"PASS","FAIL")) -> PASS | N67: =IF(ISBLANK(K67),"CHUADO","")
G68: =G67 -> 13.5 | H68: =H67 -> 0 | I68: =I67 -> 13.5 | J68: PORT18 | K68: =VLOOKUP($C$59&" "&$F$67&J68&$F$67,TXRESULT!$A$1:$I$1004,6,FALSE) -> 2.3 | M68: =IF(ISBLANK(K68),"",IF(AND(K68*1>H68*1,K68*1<I68*1),"PASS","FAIL")) -> PASS | N68: =IF(ISBLANK(K68),"CHUADO","")
G69: =G67 -> 13.5 | H69: =H67 -> 0 | I69: =I67 -> 13.5 | J69: PORT19 | K69: =VLOOKUP($C$59&" "&$F$67&J69&$F$67,TXRESULT!$A$1:$I$1004,6,FALSE) -> 2.4 | M69: =IF(ISBLANK(K69),"",IF(AND(K69*1>H69*1,K69*1<I69*1),"PASS","FAIL")) -> PASS | N69: =IF(ISBLANK(K69),"CHUADO","")
G70: =G67 -> 13.5 | H70: =H67 -> 0 | I70: =I67 -> 13.5 | J70: PORT20 | K70: =VLOOKUP($C$59&" "&$F$67&J70&$F$67,TXRESULT!$A$1:$I$1004,6,FALSE) -> 2.4 | M70: =IF(ISBLANK(K70),"",IF(AND(K70*1>H70*1,K70*1<I70*1),"PASS","FAIL")) -> PASS | N70: =IF(ISBLANK(K70),"CHUADO","")
G71: =G67 -> 13.5 | H71: =H67 -> 0 | I71: =I67 -> 13.5 | J71: PORT21 | K71: =VLOOKUP($C$59&" "&$F$67&J71&$F$67,TXRESULT!$A$1:$I$1004,6,FALSE) -> 2.4 | M71: =IF(ISBLANK(K71),"",IF(AND(K71*1>H71*1,K71*1<I71*1),"PASS","FAIL")) -> PASS | N71: =IF(ISBLANK(K71),"CHUADO","")
G72: =G67 -> 13.5 | H72: =H67 -> 0 | I72: =I67 -> 13.5 | J72: PORT22 | K72: =VLOOKUP($C$59&" "&$F$67&J72&$F$67,TXRESULT!$A$1:$I$1004,6,FALSE) -> 2.4 | M72: =IF(ISBLANK(K72),"",IF(AND(K72*1>H72*1,K72*1<I72*1),"PASS","FAIL")) -> PASS | N72: =IF(ISBLANK(K72),"CHUADO","")
G73: =G67 -> 13.5 | H73: =H67 -> 0 | I73: =I67 -> 13.5 | J73: PORT23 | K73: =VLOOKUP($C$59&" "&$F$67&J73&$F$67,TXRESULT!$A$1:$I$1004,6,FALSE) -> 2.3 | M73: =IF(ISBLANK(K73),"",IF(AND(K73*1>H73*1,K73*1<I73*1),"PASS","FAIL")) -> PASS | N73: =IF(ISBLANK(K73),"CHUADO","")
G74: =G67 -> 13.5 | H74: =H67 -> 0 | I74: =I67 -> 13.5 | J74: PORT24 | K74: =VLOOKUP($C$59&" "&$F$67&J74&$F$67,TXRESULT!$A$1:$I$1004,6,FALSE) -> 2.3 | M74: =IF(ISBLANK(K74),"",IF(AND(K74*1>H74*1,K74*1<I74*1),"PASS","FAIL")) -> PASS | N74: =IF(ISBLANK(K74),"CHUADO","")
B75: 1.6.3 | E75: % | F75: TM2.0 | G75: 9 | H75: 0 | I75: 9 | J75: PORT17 | K75: =VLOOKUP($C$59&" "&$F$75&J75&$F$75,TXRESULT!$A$1:$I$1004,6,FALSE) -> 0.7 | M75: =IF(ISBLANK(K75),"",IF(AND(K75*1>H75*1,K75*1<I75*1),"PASS","FAIL")) -> PASS | N75: =IF(ISBLANK(K75),"CHUADO","")
G76: =G75 -> 9 | H76: =H75 -> 0 | I76: =I75 -> 9 | J76: PORT18 | K76: =VLOOKUP($C$59&" "&$F$75&J76&$F$75,TXRESULT!$A$1:$I$1004,6,FALSE) -> 0.5 | M76: =IF(ISBLANK(K76),"",IF(AND(K76*1>H76*1,K76*1<I76*1),"PASS","FAIL")) -> PASS | N76: =IF(ISBLANK(K76),"CHUADO","")
G77: =G75 -> 9 | H77: =H75 -> 0 | I77: =I75 -> 9 | J77: PORT19 | K77: =VLOOKUP($C$59&" "&$F$75&J77&$F$75,TXRESULT!$A$1:$I$1004,6,FALSE) -> 0.5 | M77: =IF(ISBLANK(K77),"",IF(AND(K77*1>H77*1,K77*1<I77*1),"PASS","FAIL")) -> PASS | N77: =IF(ISBLANK(K77),"CHUADO","")
G78: =G75 -> 9 | H78: =H75 -> 0 | I78: =I75 -> 9 | J78: PORT20 | K78: =VLOOKUP($C$59&" "&$F$75&J78&$F$75,TXRESULT!$A$1:$I$1004,6,FALSE) -> 0.5 | M78: =IF(ISBLANK(K78),"",IF(AND(K78*1>H78*1,K78*1<I78*1),"PASS","FAIL")) -> PASS | N78: =IF(ISBLANK(K78),"CHUADO","")
G79: =G75 -> 9 | H79: =H75 -> 0 | I79: =I75 -> 9 | J79: PORT21 | K79: =VLOOKUP($C$59&" "&$F$75&J79&$F$75,TXRESULT!$A$1:$I$1004,6,FALSE) -> 0.7 | M79: =IF(ISBLANK(K79),"",IF(AND(K79*1>H79*1,K79*1<I79*1),"PASS","FAIL")) -> PASS | N79: =IF(ISBLANK(K79),"CHUADO","")
G80: =G75 -> 9 | H80: =H75 -> 0 | I80: =I75 -> 9 | J80: PORT22 | K80: =VLOOKUP($C$59&" "&$F$75&J80&$F$75,TXRESULT!$A$1:$I$1004,6,FALSE) -> 0.5 | M80: =IF(ISBLANK(K80),"",IF(AND(K80*1>H80*1,K80*1<I80*1),"PASS","FAIL")) -> PASS | N80: =IF(ISBLANK(K80),"CHUADO","")
G81: =G75 -> 9 | H81: =H75 -> 0 | I81: =I75 -> 9 | J81: PORT23 | K81: =VLOOKUP($C$59&" "&$F$75&J81&$F$75,TXRESULT!$A$1:$I$1004,6,FALSE) -> 0.7 | M81: =IF(ISBLANK(K81),"",IF(AND(K81*1>H81*1,K81*1<I81*1),"PASS","FAIL")) -> PASS | N81: =IF(ISBLANK(K81),"CHUADO","")
G82: =G75 -> 9 | H82: =H75 -> 0 | I82: =I75 -> 9 | J82: PORT24 | K82: =VLOOKUP($C$59&" "&$F$75&J82&$F$75,TXRESULT!$A$1:$I$1004,6,FALSE) -> 0.5 | M82: =IF(ISBLANK(K82),"",IF(AND(K82*1>H82*1,K82*1<I82*1),"PASS","FAIL")) -> PASS | N82: =IF(ISBLANK(K82),"CHUADO","")
E83: % | F83: TM3.1 | G83: 9 | H83: 0 | I83: 9 | J83: PORT17 | K83: =VLOOKUP($C$59&" "&$F$83&J83&$F$83,TXRESULT!$A$1:$I$1004,6,FALSE) -> 1.7 | M83: =IF(ISBLANK(K83),"",IF(AND(K83*1>H83*1,K83*1<I83*1),"PASS","FAIL")) -> PASS | N83: =IF(ISBLANK(K83),"CHUADO","")
G84: =G83 -> 9 | H84: =H83 -> 0 | I84: =I83 -> 9 | J84: PORT18 | K84: =VLOOKUP($C$59&" "&$F$83&J84&$F$83,TXRESULT!$A$1:$I$1004,6,FALSE) -> 1.7 | M84: =IF(ISBLANK(K84),"",IF(AND(K84*1>H84*1,K84*1<I84*1),"PASS","FAIL")) -> PASS | N84: =IF(ISBLANK(K84),"CHUADO","")
G85: =G83 -> 9 | H85: =H83 -> 0 | I85: =I83 -> 9 | J85: PORT19 | K85: =VLOOKUP($C$59&" "&$F$83&J85&$F$83,TXRESULT!$A$1:$I$1004,6,FALSE) -> 1.6 | M85: =IF(ISBLANK(K85),"",IF(AND(K85*1>H85*1,K85*1<I85*1),"PASS","FAIL")) -> PASS | N85: =IF(ISBLANK(K85),"CHUADO","")
G86: =G83 -> 9 | H86: =H83 -> 0 | I86: =I83 -> 9 | J86: PORT20 | K86: =VLOOKUP($C$59&" "&$F$83&J86&$F$83,TXRESULT!$A$1:$I$1004,6,FALSE) -> 1.7 | M86: =IF(ISBLANK(K86),"",IF(AND(K86*1>H86*1,K86*1<I86*1),"PASS","FAIL")) -> PASS | N86: =IF(ISBLANK(K86),"CHUADO","")
G87: =G83 -> 9 | H87: =H83 -> 0 | I87: =I83 -> 9 | J87: PORT21 | K87: =VLOOKUP($C$59&" "&$F$83&J87&$F$83,TXRESULT!$A$1:$I$1004,6,FALSE) -> 1.7 | M87: =IF(ISBLANK(K87),"",IF(AND(K87*1>H87*1,K87*1<I87*1),"PASS","FAIL")) -> PASS | N87: =IF(ISBLANK(K87),"CHUADO","")
G88: =G83 -> 9 | H88: =H83 -> 0 | I88: =I83 -> 9 | J88: PORT22 | K88: =VLOOKUP($C$59&" "&$F$83&J88&$F$83,TXRESULT!$A$1:$I$1004,6,FALSE) -> 1.7 | M88: =IF(ISBLANK(K88),"",IF(AND(K88*1>H88*1,K88*1<I88*1),"PASS","FAIL")) -> PASS | N88: =IF(ISBLANK(K88),"CHUADO","")
G89: =G83 -> 9 | H89: =H83 -> 0 | I89: =I83 -> 9 | J89: PORT23 | K89: =VLOOKUP($C$59&" "&$F$83&J89&$F$83,TXRESULT!$A$1:$I$1004,6,FALSE) -> 1.7 | M89: =IF(ISBLANK(K89),"",IF(AND(K89*1>H89*1,K89*1<I89*1),"PASS","FAIL")) -> PASS | N89: =IF(ISBLANK(K89),"CHUADO","")
G90: =G83 -> 9 | H90: =H83 -> 0 | I90: =I83 -> 9 | J90: PORT24 | K90: =VLOOKUP($C$59&" "&$F$83&J90&$F$83,TXRESULT!$A$1:$I$1004,6,FALSE) -> 1.7 | M90: =IF(ISBLANK(K90),"",IF(AND(K90*1>H90*1,K90*1<I90*1),"PASS","FAIL")) -> PASS | N90: =IF(ISBLANK(K90),"CHUADO","")
B91: 1.6.4 | E91: % | F91: TM2.0a | G91: 4.5 | H91: 0 | I91: 4.5 | J91: PORT17 | K91: =VLOOKUP($C$59&" "&$F$91&J91&$F$91,TXRESULT!$A$1:$I$1004,6,FALSE) -> 1.4 | M91: =IF(ISBLANK(K91),"",IF(AND(K91*1>H91*1,K91*1<I91*1),"PASS","FAIL")) -> PASS | N91: =IF(ISBLANK(K91),"CHUADO","")
G92: =G91 -> 4.5 | H92: =H91 -> 0 | I92: =I91 -> 4.5 | J92: PORT18 | K92: =VLOOKUP($C$59&" "&$F$91&J92&$F$91,TXRESULT!$A$1:$I$1004,6,FALSE) -> 1.2 | M92: =IF(ISBLANK(K92),"",IF(AND(K92*1>H92*1,K92*1<I92*1),"PASS","FAIL")) -> PASS | N92: =IF(ISBLANK(K92),"CHUADO","")
G93: =G91 -> 4.5 | H93: =H91 -> 0 | I93: =I91 -> 4.5 | J93: PORT19 | K93: =VLOOKUP($C$59&" "&$F$91&J93&$F$91,TXRESULT!$A$1:$I$1004,6,FALSE) -> 1.1 | M93: =IF(ISBLANK(K93),"",IF(AND(K93*1>H93*1,K93*1<I93*1),"PASS","FAIL")) -> PASS | N93: =IF(ISBLANK(K93),"CHUADO","")
G94: =G91 -> 4.5 | H94: =H91 -> 0 | I94: =I91 -> 4.5 | J94: PORT20 | K94: =VLOOKUP($C$59&" "&$F$91&J94&$F$91,TXRESULT!$A$1:$I$1004,6,FALSE) -> 1.1 | M94: =IF(ISBLANK(K94),"",IF(AND(K94*1>H94*1,K94*1<I94*1),"PASS","FAIL")) -> PASS | N94: =IF(ISBLANK(K94),"CHUADO","")
G95: =G91 -> 4.5 | H95: =H91 -> 0 | I95: =I91 -> 4.5 | J95: PORT21 | K95: =VLOOKUP($C$59&" "&$F$91&J95&$F$91,TXRESULT!$A$1:$I$1004,6,FALSE) -> 1.2 | M95: =IF(ISBLANK(K95),"",IF(AND(K95*1>H95*1,K95*1<I95*1),"PASS","FAIL")) -> PASS | N95: =IF(ISBLANK(K95),"CHUADO","")
G96: =G91 -> 4.5 | H96: =H91 -> 0 | I96: =I91 -> 4.5 | J96: PORT22 | K96: =VLOOKUP($C$59&" "&$F$91&J96&$F$91,TXRESULT!$A$1:$I$1004,6,FALSE) -> 1 | M96: =IF(ISBLANK(K96),"",IF(AND(K96*1>H96*1,K96*1<I96*1),"PASS","FAIL")) -> PASS | N96: =IF(ISBLANK(K96),"CHUADO","")
G97: =G91 -> 4.5 | H97: =H91 -> 0 | I97: =I91 -> 4.5 | J97: PORT23 | K97: =VLOOKUP($C$59&" "&$F$91&J97&$F$91,TXRESULT!$A$1:$I$1004,6,FALSE) -> 1.3 | M97: =IF(ISBLANK(K97),"",IF(AND(K97*1>H97*1,K97*1<I97*1),"PASS","FAIL")) -> PASS | N97: =IF(ISBLANK(K97),"CHUADO","")
G98: =G91 -> 4.5 | H98: =H91 -> 0 | I98: =I91 -> 4.5 | J98: PORT24 | K98: =VLOOKUP($C$59&" "&$F$91&J98&$F$91,TXRESULT!$A$1:$I$1004,6,FALSE) -> 1.1 | M98: =IF(ISBLANK(K98),"",IF(AND(K98*1>H98*1,K98*1<I98*1),"PASS","FAIL")) -> PASS | N98: =IF(ISBLANK(K98),"CHUADO","")
E99: % | F99: TM3.1a | G99: 4.5 | H99: 0 | I99: 4.5 | J99: PORT17 | K99: =VLOOKUP($C$59&" "&$F$99&J99&$F$99,TXRESULT!$A$1:$I$1004,6,FALSE) -> 1.7 | M99: =IF(ISBLANK(K99),"",IF(AND(K99*1>H99*1,K99*1<I99*1),"PASS","FAIL")) -> PASS | N99: =IF(ISBLANK(K99),"CHUADO","")
G100: =G99 -> 4.5 | H100: =H99 -> 0 | I100: =I99 -> 4.5 | J100: PORT18 | K100: =VLOOKUP($C$59&" "&$F$99&J100&$F$99,TXRESULT!$A$1:$I$1004,6,FALSE) -> 1.7 | M100: =IF(ISBLANK(K100),"",IF(AND(K100*1>H100*1,K100*1<I100*1),"PASS","FAIL")) -> PASS | N100: =IF(ISBLANK(K100),"CHUADO","")
...

Sheet CH25-CH32
E1: TỔNG CÔNG TY CÔNG NGHIỆP CÔNG NGHỆ CAO VIETTEL | M1: Mã dự án:
E2: KHỐI 2 - TRUNG TÂM NGHIÊN CỨU THIẾT BỊ VÔ TUYẾN BĂNG RỘNG | M2: Tài liệu HDĐK:
M3: Mã sản phẩm:
E4: PHIẾU ĐO KIỂM | M4: Mã mẫu: | N4: 32T32R
A5: Thông tin về máy đo, dụng cụ đo | E5: VSA: | F5: N9020A | I5: S/N: | L5: Hạn kiểm định: | M5: 2023
E6: VSG: | F6: N5182B | I6: S/N: | J6: MY57300543 | L6: Hạn kiểm định: | M6: 2023
E7: BBU: | F7: SUPERMICRO195 | I7: Type: | J7: Xeon D | L7: FW Version:
E8: RRU: | F8: 32T32R | I8: ID. No.: | J8: ='CH1-CH8'!$J$8 -> 31 | L8: FW Version: | M8: ='CH1-CH8'!M8 -> 3.4.10
E9: FREQ (MHz) | F9: 2550 | I9: BW (MHz) | J9: 100 | L9: FPGA Version:
A10: Thông tin điều kiện thực hiện | E10: Địa điểm: | F10: Phòng Lab EnodeB, tầng 13, Tòa nhà Viettel Hòa Lạc
E11: Môi trường: | F11: Phòng LAB | I11: Nhiệt độ: | L11: Độ ẩm:
E12: Thời gian: | F12: Từ: | I12: Đến: | L12: Tổng thời gian:
A13: STT | B13: THAM SỐ ĐO ĐẠC | E13: ĐƠN VỊ | F13: GIÁ TRỊ YÊU CẦU | J13: GIÁ TRỊ ĐO | L13: TIÊU CHUẨN THAM CHIẾU | M13: ĐÁNH GIÁ | N13: GHI CHÚ
F14: NR-TM | G14: SPECS | H14: MIN | I14: MAX
A15: I | B15: Conducted Transmitter Characteristics
A16: 1.1 | B16: Base station output power | E16: dBm | F16: TM1.1 | G16: 40 | H16: 37.3 | I16: 42.7 | J16: PORT25 | K16: =VLOOKUP($B$16&J16&$F$16,TXRESULT!$A$1:$J$1004,6,FALSE) -> 39.8 | L16: TS 38.141 / Chapter 6.2: Base station output power | M16: =IF(ISBLANK(K16),"",IF(AND(K16*1>H16*1,K16*1<I16*1),"PASS","FAIL")) -> PASS | N16: =IF(ISBLANK(K16),"CHUADO","")
G17: 40 | H17: 37.3 | I17: 42.7 | J17: PORT26 | K17: =VLOOKUP($B$16&J17&$F$16,TXRESULT!$A$1:$J$1004,6,FALSE) -> 39.7 | M17: =IF(ISBLANK(K17),"",IF(AND(K17*1>H17*1,K17*1<I17*1),"PASS","FAIL")) -> PASS | N17: =IF(ISBLANK(K17),"CHUADO","")
G18: 40 | H18: 37.3 | I18: 42.7 | J18: PORT27 | K18: =VLOOKUP($B$16&J18&$F$16,TXRESULT!$A$1:$J$1004,6,FALSE) -> 39.7 | M18: =IF(ISBLANK(K18),"",IF(AND(K18*1>H18*1,K18*1<I18*1),"PASS","FAIL")) -> PASS | N18: =IF(ISBLANK(K18),"CHUADO","")
G19: 40 | H19: 37.3 | I19: 42.7 | J19: PORT28 | K19: =VLOOKUP($B$16&J19&$F$16,TXRESULT!$A$1:$J$1004,6,FALSE) -> 39.6 | M19: =IF(ISBLANK(K19),"",IF(AND(K19*1>H19*1,K19*1<I19*1),"PASS","FAIL")) -> PASS | N19: =IF(ISBLANK(K19),"CHUADO","")
G20: 40 | H20: 37.3 | I20: 42.7 | J20: PORT29 | K20: =VLOOKUP($B$16&J20&$F$16,TXRESULT!$A$1:$J$1004,6,FALSE) -> 39.9 | M20: =IF(ISBLANK(K20),"",IF(AND(K20*1>H20*1,K20*1<I20*1),"PASS","FAIL")) -> PASS | N20: =IF(ISBLANK(K20),"CHUADO","")
G21: 40 | H21: 37.3 | I21: 42.7 | J21: PORT30 | K21: =VLOOKUP($B$16&J21&$F$16,TXRESULT!$A$1:$J$1004,6,FALSE) -> 39.8 | M21: =IF(ISBLANK(K21),"",IF(AND(K21*1>H21*1,K21*1<I21*1),"PASS","FAIL")) -> PASS | N21: =IF(ISBLANK(K21),"CHUADO","")
G22: 40 | H22: 37.3 | I22: 42.7 | J22: PORT31 | K22: =VLOOKUP($B$16&J22&$F$16,TXRESULT!$A$1:$J$1004,6,FALSE) -> 39.6 | M22: =IF(ISBLANK(K22),"",IF(AND(K22*1>H22*1,K22*1<I22*1),"PASS","FAIL")) -> PASS | N22: =IF(ISBLANK(K22),"CHUADO","")
G23: 40 | H23: 37.3 | I23: 42.7 | J23: PORT32 | K23: =VLOOKUP($B$16&J23&$F$16,TXRESULT!$A$1:$J$1004,6,FALSE) -> 39.4 | M23: =IF(ISBLANK(K23),"",IF(AND(K23*1>H23*1,K23*1<I23*1),"PASS","FAIL")) -> PASS | N23: =IF(ISBLANK(K23),"CHUADO","")
B24: Output Power Dynamic | E24: =IF(OR(K24="",AND(H24="",I24="")),"",IF(OR(AND(K24<>"",I24<>"",K24>I24),AND(K24<>"",H24<>"",K24<H24)),"FAIL","PASS"))
A25: 1.2 | B25: Total power dynamic range | E25: dB | F25: TM2.0a TM3.1a | G25: 23.9 | H25: =G25 -> 23.9 | I25: =IF(ISBLANK('[1]CH1-CH8'!G11),"",('[1]CH1-CH8'!G11)) | J25: PORT25 | K25: =VLOOKUP($B$25&J25&$F$25,TXRESULT!$A$1:$J$1004,6,FALSE) -> 26.2 | L25: TS 38.141 / Chapter 6.3.3: Total power dynamic range / 30 kHz SCS | M25: =IF(ISBLANK(K25),"",IF(AND(K25*1>H25*1),"PASS","FAIL")) -> PASS | N25: =IF(ISBLANK(K25),"CHUADO","")
G26: =G25 -> 23.9 | H26: =H25 -> 23.9 | I26: =I25 | J26: PORT26 | K26: =VLOOKUP($B$25&J26&$F$25,TXRESULT!$A$1:$J$1004,6,FALSE) -> 26 | M26: =IF(ISBLANK(K26),"",IF(AND(K26*1>H26*1),"PASS","FAIL")) -> PASS | N26: =IF(ISBLANK(K26),"CHUADO","")
G27: =G25 -> 23.9 | H27: =H25 -> 23.9 | I27: =I25 | J27: PORT27 | K27: =VLOOKUP($B$25&J27&$F$25,TXRESULT!$A$1:$J$1004,6,FALSE) -> 26.2 | M27: =IF(ISBLANK(K27),"",IF(AND(K27*1>H27*1),"PASS","FAIL")) -> PASS | N27: =IF(ISBLANK(K27),"CHUADO","")
G28: =G25 -> 23.9 | H28: =H25 -> 23.9 | I28: =I25 | J28: PORT28 | K28: =VLOOKUP($B$25&J28&$F$25,TXRESULT!$A$1:$J$1004,6,FALSE) -> 26.4 | M28: =IF(ISBLANK(K28),"",IF(AND(K28*1>H28*1),"PASS","FAIL")) -> PASS | N28: =IF(ISBLANK(K28),"CHUADO","")
G29: =G25 -> 23.9 | H29: =H25 -> 23.9 | I29: =I25 | J29: PORT29 | K29: =VLOOKUP($B$25&J29&$F$25,TXRESULT!$A$1:$J$1004,6,FALSE) -> 26 | M29: =IF(ISBLANK(K29),"",IF(AND(K29*1>H29*1),"PASS","FAIL")) -> PASS | N29: =IF(ISBLANK(K29),"CHUADO","")
G30: =G25 -> 23.9 | H30: =H25 -> 23.9 | I30: =I25 | J30: PORT30 | K30: =VLOOKUP($B$25&J30&$F$25,TXRESULT!$A$1:$J$1004,6,FALSE) -> 25.8 | M30: =IF(ISBLANK(K30),"",IF(AND(K30*1>H30*1),"PASS","FAIL")) -> PASS | N30: =IF(ISBLANK(K30),"CHUADO","")
G31: =G25 -> 23.9 | H31: =H25 -> 23.9 | I31: =I25 | J31: PORT31 | K31: =VLOOKUP($B$25&J31&$F$25,TXRESULT!$A$1:$J$1004,6,FALSE) -> 26 | M31: =IF(ISBLANK(K31),"",IF(AND(K31*1>H31*1),"PASS","FAIL")) -> PASS | N31: =IF(ISBLANK(K31),"CHUADO","")
G32: =G25 -> 23.9 | H32: =H25 -> 23.9 | I32: =I25 | J32: PORT32 | K32: =VLOOKUP($B$25&J32&$F$25,TXRESULT!$A$1:$J$1004,6,FALSE) -> 26 | M32: =IF(ISBLANK(K32),"",IF(AND(K32*1>H32*1),"PASS","FAIL")) -> PASS | N32: =IF(ISBLANK(K32),"CHUADO","")
B33: TX Transmittion ON/OFF Power | M33: =IF(ISBLANK(K33),"",IF(AND(K33*1>H33*1),"PASS","FAIL"))
A34: 1.3 | B34: Transmitter OFF power | E34: dBm/ MHz | F34: TM1.1 | G34: -82.5 | H34: =IF(ISBLANK('[1]CH1-CH8'!F17),"",('[1]CH1-CH8'!F17)) | I34: -82.5 | J34: PORT25 | K34: =VLOOKUP($B$34&J34&$F$34,TXRESULT!$A$1:$J$1004,6,FALSE) -> #N/A | L34: TS 38.141 / Chapter 6.4.1: Transmitter OFF power/ 6.4.1.3 | M34: =IF(ISBLANK(K34),"",IF(AND(K34*1<I34*1),"PASS","FAIL")) -> #N/A | N34: =IF(ISBLANK(K34),"CHUADO","")
G35: =G34 -> -82.5 | H35: =H34 | I35: =I34 -> -82.5 | J35: PORT26 | K35: =VLOOKUP($B$34&J35&$F$34,TXRESULT!$A$1:$J$1004,6,FALSE) -> #N/A | M35: =IF(ISBLANK(K35),"",IF(AND(K35*1<I35*1),"PASS","FAIL")) -> #N/A | N35: =IF(ISBLANK(K35),"CHUADO","")
G36: =G34 -> -82.5 | H36: =H34 | I36: =I34 -> -82.5 | J36: PORT27 | K36: =VLOOKUP($B$34&J36&$F$34,TXRESULT!$A$1:$J$1004,6,FALSE) -> #N/A | M36: =IF(ISBLANK(K36),"",IF(AND(K36*1<I36*1),"PASS","FAIL")) -> #N/A | N36: =IF(ISBLANK(K36),"CHUADO","")
G37: =G34 -> -82.5 | H37: =H34 | I37: =I34 -> -82.5 | J37: PORT28 | K37: =VLOOKUP($B$34&J37&$F$34,TXRESULT!$A$1:$J$1004,6,FALSE) -> #N/A | M37: =IF(ISBLANK(K37),"",IF(AND(K37*1<I37*1),"PASS","FAIL")) -> #N/A | N37: =IF(ISBLANK(K37),"CHUADO","")
G38: =G34 -> -82.5 | H38: =H34 | I38: =I34 -> -82.5 | J38: PORT29 | K38: =VLOOKUP($B$34&J38&$F$34,TXRESULT!$A$1:$J$1004,6,FALSE) -> #N/A | M38: =IF(ISBLANK(K38),"",IF(AND(K38*1<I38*1),"PASS","FAIL")) -> #N/A | N38: =IF(ISBLANK(K38),"CHUADO","")
G39: =G34 -> -82.5 | H39: =H34 | I39: =I34 -> -82.5 | J39: PORT30 | K39: =VLOOKUP($B$34&J39&$F$34,TXRESULT!$A$1:$J$1004,6,FALSE) -> #N/A | M39: =IF(ISBLANK(K39),"",IF(AND(K39*1<I39*1),"PASS","FAIL")) -> #N/A | N39: =IF(ISBLANK(K39),"CHUADO","")
G40: =G34 -> -82.5 | H40: =H34 | I40: =I34 -> -82.5 | J40: PORT31 | K40: =VLOOKUP($B$34&J40&$F$34,TXRESULT!$A$1:$J$1004,6,FALSE) -> #N/A | M40: =IF(ISBLANK(K40),"",IF(AND(K40*1<I40*1),"PASS","FAIL")) -> #N/A | N40: =IF(ISBLANK(K40),"CHUADO","")
G41: =G34 -> -82.5 | H41: =H34 | I41: =I34 -> -82.5 | J41: PORT32 | K41: =VLOOKUP($B$34&J41&$F$34,TXRESULT!$A$1:$J$1004,6,FALSE) -> #N/A | M41: =IF(ISBLANK(K41),"",IF(AND(K41*1<I41*1),"PASS","FAIL")) -> #N/A | N41: =IF(ISBLANK(K41),"CHUADO","")
A42: 1.4 | B42: Transmitter transient period | E42: us | F42: TM1.1 | G42: 10 | H42: 0 | I42: 10 | J42: PORT25 | K42: =VLOOKUP($B$42&J42&$F$42,TXRESULT!$A$1:$J$1004,6,FALSE) -> #N/A | L42: TS 38.141 / Chapter 6.4.2: Transmitter transient period/ 6.4.2.2 | M42: =IF(ISBLANK(K42),"",IF(AND(K42*1>H42*1,K42*1<I42*1),"PASS","FAIL")) -> #N/A | N42: =IF(ISBLANK(K42),"CHUADO","")
G43: 10 | H43: 0 | I43: 10 | J43: PORT26 | K43: =VLOOKUP($B$42&J43&$F$42,TXRESULT!$A$1:$J$1004,6,FALSE) -> #N/A | M43: =IF(ISBLANK(K43),"",IF(AND(K43*1>H43*1,K43*1<I43*1),"PASS","FAIL")) -> #N/A | N43: =IF(ISBLANK(K43),"CHUADO","")
G44: 10 | H44: 0 | I44: 10 | J44: PORT27 | K44: =VLOOKUP($B$42&J44&$F$42,TXRESULT!$A$1:$J$1004,6,FALSE) -> #N/A | M44: =IF(ISBLANK(K44),"",IF(AND(K44*1>H44*1,K44*1<I44*1),"PASS","FAIL")) -> #N/A | N44: =IF(ISBLANK(K44),"CHUADO","")
G45: 10 | H45: 0 | I45: 10 | J45: PORT28 | K45: =VLOOKUP($B$42&J45&$F$42,TXRESULT!$A$1:$J$1004,6,FALSE) -> #N/A | M45: =IF(ISBLANK(K45),"",IF(AND(K45*1>H45*1,K45*1<I45*1),"PASS","FAIL")) -> #N/A | N45: =IF(ISBLANK(K45),"CHUADO","")
G46: 10 | H46: 0 | I46: 10 | J46: PORT29 | K46: =VLOOKUP($B$42&J46&$F$42,TXRESULT!$A$1:$J$1004,6,FALSE) -> #N/A | M46: =IF(ISBLANK(K46),"",IF(AND(K46*1>H46*1,K46*1<I46*1),"PASS","FAIL")) -> #N/A | N46: =IF(ISBLANK(K46),"CHUADO","")
G47: 10 | H47: 0 | I47: 10 | J47: PORT30 | K47: =VLOOKUP($B$42&J47&$F$42,TXRESULT!$A$1:$J$1004,6,FALSE) -> #N/A | M47: =IF(ISBLANK(K47),"",IF(AND(K47*1>H47*1,K47*1<I47*1),"PASS","FAIL")) -> #N/A | N47: =IF(ISBLANK(K47),"CHUADO","")
G48: 10 | H48: 0 | I48: 10 | J48: PORT31 | K48: =VLOOKUP($B$42&J48&$F$42,TXRESULT!$A$1:$J$1004,6,FALSE) -> #N/A | M48: =IF(ISBLANK(K48),"",IF(AND(K48*1>H48*1,K48*1<I48*1),"PASS","FAIL")) -> #N/A | N48: =IF(ISBLANK(K48),"CHUADO","")
G49: 10 | H49: 0 | I49: 10 | J49: PORT32 | K49: =VLOOKUP($B$42&J49&$F$42,TXRESULT!$A$1:$J$1004,6,FALSE) -> #N/A | M49: =IF(ISBLANK(K49),"",IF(AND(K49*1>H49*1,K49*1<I49*1),"PASS","FAIL")) -> #N/A | N49: =IF(ISBLANK(K49),"CHUADO","")
B50: Transmitted signal quality
A51: 1.5 | B51: Frequency error | E51: Hz | F51: TM2.0, TM2.0a, TM3.1, TM3.1a, TM3.2, TM3.3 | G51: 0 | H51: =-$F$9*1*0.05-12 -> -139.5 | I51: =$F$9*0.05+12 -> 139.5 | J51: PORT25 | K51: {=MAX(IF((LEFT(TXRESULT!$C$1:$C$1004,15)='CH25-CH32'!$B$51)*(TXRESULT!$B$1:$B$1004='CH25-CH32'!J52),TXRESULT!$F$1:$F$1004,""))} -> 7.3 | L51: TS 38.141 / Chapter 6.5.1: Frequency error/ Table 6.5.1.2-1 | M51: =IF(ISBLANK(K51),"",IF(AND(K51*1>H51*1,K51*1<I51*1),"PASS","FAIL")) -> PASS | N51: =IF(ISBLANK(K51),"CHUADO","")
G52: 0 | H52: =H51 -> -139.5 | I52: =I51 -> 139.5 | J52: PORT26 | K52: {=MAX(IF((LEFT(TXRESULT!$C$1:$C$1004,15)='CH25-CH32'!$B$51)*(TXRESULT!$B$1:$B$1004='CH25-CH32'!J53),TXRESULT!$F$1:$F$1004,""))} -> 3.5 | M52: =IF(ISBLANK(K52),"",IF(AND(K52*1>H52*1,K52*1<I52*1),"PASS","FAIL")) -> PASS | N52: =IF(ISBLANK(K52),"CHUADO","")
G53: 0 | H53: =H51 -> -139.5 | I53: =I51 -> 139.5 | J53: PORT27 | K53: {=MAX(IF((LEFT(TXRESULT!$C$1:$C$1004,15)='CH25-CH32'!$B$51)*(TXRESULT!$B$1:$B$1004='CH25-CH32'!J54),TXRESULT!$F$1:$F$1004,""))} -> 1.2 | M53: =IF(ISBLANK(K53),"",IF(AND(K53*1>H53*1,K53*1<I53*1),"PASS","FAIL")) -> PASS | N53: =IF(ISBLANK(K53),"CHUADO","")
G54: 0 | H54: =H51 -> -139.5 | I54: =I51 -> 139.5 | J54: PORT28 | K54: {=MAX(IF((LEFT(TXRESULT!$C$1:$C$1004,15)='CH25-CH32'!$B$51)*(TXRESULT!$B$1:$B$1004='CH25-CH32'!J55),TXRESULT!$F$1:$F$1004,""))} -> 3.7 | M54: =IF(ISBLANK(K54),"",IF(AND(K54*1>H54*1,K54*1<I54*1),"PASS","FAIL")) -> PASS | N54: =IF(ISBLANK(K54),"CHUADO","")
G55: 0 | H55: =H51 -> -139.5 | I55: =I51 -> 139.5 | J55: PORT29 | K55: {=MAX(IF((LEFT(TXRESULT!$C$1:$C$1004,15)='CH25-CH32'!$B$51)*(TXRESULT!$B$1:$B$1004='CH25-CH32'!J56),TXRESULT!$F$1:$F$1004,""))} -> 3.5 | M55: =IF(ISBLANK(K55),"",IF(AND(K55*1>H55*1,K55*1<I55*1),"PASS","FAIL")) -> PASS | N55: =IF(ISBLANK(K55),"CHUADO","")
G56: 0 | H56: =H51 -> -139.5 | I56: =I51 -> 139.5 | J56: PORT30 | K56: {=MAX(IF((LEFT(TXRESULT!$C$1:$C$1004,15)='CH25-CH32'!$B$51)*(TXRESULT!$B$1:$B$1004='CH25-CH32'!J57),TXRESULT!$F$1:$F$1004,""))} -> 3 | M56: =IF(ISBLANK(K56),"",IF(AND(K56*1>H56*1,K56*1<I56*1),"PASS","FAIL")) -> PASS | N56: =IF(ISBLANK(K56),"CHUADO","")
G57: 0 | H57: =H51 -> -139.5 | I57: =I51 -> 139.5 | J57: PORT31 | K57: {=MAX(IF((LEFT(TXRESULT!$C$1:$C$1004,15)='CH25-CH32'!$B$51)*(TXRESULT!$B$1:$B$1004='CH25-CH32'!J58),TXRESULT!$F$1:$F$1004,""))} -> 3.7 | M57: =IF(ISBLANK(K57),"",IF(AND(K57*1>H57*1,K57*1<I57*1),"PASS","FAIL")) -> PASS | N57: =IF(ISBLANK(K57),"CHUADO","")
G58: 0 | H58: =H51 -> -139.5 | I58: =I51 -> 139.5 | J58: PORT32 | K58: {=MAX(IF((LEFT(TXRESULT!$C$1:$C$1004,15)='CH25-CH32'!$B$51)*(TXRESULT!$B$1:$B$1004='CH25-CH32'!J59),TXRESULT!$F$1:$F$1004,""))} -> 3 | M58: =IF(ISBLANK(K58),"",IF(AND(K58*1>H58*1,K58*1<I58*1),"PASS","FAIL")) -> PASS | N58: =IF(ISBLANK(K58),"CHUADO","")
A59: 1.6 | B59: 1.6.1 | C59: Modulation quality | E59: % | F59: TM3.3 | G59: 18.5 | H59: 0 | I59: 18.5 | J59: PORT25 | K59: =VLOOKUP($C$59&" "&$F$59&J59&$F$59,TXRESULT!$A$1:$I$1004,6,FALSE) -> 3.1 | L59: TS 38.141 / Chapter 6.5.2: Modulation quality/ Table 6.5.2.2-1 | M59: =IF(ISBLANK(K59),"",IF(AND(K59*1>H59*1,K59*1<I59*1),"PASS","FAIL")) -> PASS | N59: =IF(ISBLANK(K59),"CHUADO","")
G60: =G59 -> 18.5 | H60: =H59 -> 0 | I60: =I59 -> 18.5 | J60: PORT26 | K60: =VLOOKUP($C$59&" "&$F$59&J60&$F$59,TXRESULT!$A$1:$I$1004,6,FALSE) -> 3.2 | M60: =IF(ISBLANK(K60),"",IF(AND(K60*1>H60*1,K60*1<I60*1),"PASS","FAIL")) -> PASS | N60: =IF(ISBLANK(K60),"CHUADO","")
G61: =G59 -> 18.5 | H61: =H59 -> 0 | I61: =I59 -> 18.5 | J61: PORT27 | K61: =VLOOKUP($C$59&" "&$F$59&J61&$F$59,TXRESULT!$A$1:$I$1004,6,FALSE) -> 3.1 | M61: =IF(ISBLANK(K61),"",IF(AND(K61*1>H61*1,K61*1<I61*1),"PASS","FAIL")) -> PASS | N61: =IF(ISBLANK(K61),"CHUADO","")
G62: =G59 -> 18.5 | H62: =H59 -> 0 | I62: =I59 -> 18.5 | J62: PORT28 | K62: =VLOOKUP($C$59&" "&$F$59&J62&$F$59,TXRESULT!$A$1:$I$1004,6,FALSE) -> 3.1 | M62: =IF(ISBLANK(K62),"",IF(AND(K62*1>H62*1,K62*1<I62*1),"PASS","FAIL")) -> PASS | N62: =IF(ISBLANK(K62),"CHUADO","")
G63: =G59 -> 18.5 | H63: =H59 -> 0 | I63: =I59 -> 18.5 | J63: PORT29 | K63: =VLOOKUP($C$59&" "&$F$59&J63&$F$59,TXRESULT!$A$1:$I$1004,6,FALSE) -> 3.1 | M63: =IF(ISBLANK(K63),"",IF(AND(K63*1>H63*1,K63*1<I63*1),"PASS","FAIL")) -> PASS | N63: =IF(ISBLANK(K63),"CHUADO","")
G64: =G59 -> 18.5 | H64: =H59 -> 0 | I64: =I59 -> 18.5 | J64: PORT30 | K64: =VLOOKUP($C$59&" "&$F$59&J64&$F$59,TXRESULT!$A$1:$I$1004,6,FALSE) -> 3.1 | M64: =IF(ISBLANK(K64),"",IF(AND(K64*1>H64*1,K64*1<I64*1),"PASS","FAIL")) -> PASS | N64: =IF(ISBLANK(K64),"CHUADO","")
G65: =G59 -> 18.5 | H65: =H59 -> 0 | I65: =I59 -> 18.5 | J65: PORT31 | K65: =VLOOKUP($C$59&" "&$F$59&J65&$F$59,TXRESULT!$A$1:$I$1004,6,FALSE) -> 3.1 | M65: =IF(ISBLANK(K65),"",IF(AND(K65*1>H65*1,K65*1<I65*1),"PASS","FAIL")) -> PASS | N65: =IF(ISBLANK(K65),"CHUADO","")
G66: =G59 -> 18.5 | H66: =H59 -> 0 | I66: =I59 -> 18.5 | J66: PORT32 | K66: =VLOOKUP($C$59&" "&$F$59&J66&$F$59,TXRESULT!$A$1:$I$1004,6,FALSE) -> 3.1 | M66: =IF(ISBLANK(K66),"",IF(AND(K66*1>H66*1,K66*1<I66*1),"PASS","FAIL")) -> PASS | N66: =IF(ISBLANK(K66),"CHUADO","")
B67: 1.6.2 | E67: % | F67: TM3.2 | G67: 13.5 | H67: 0 | I67: 13.5 | J67: PORT25 | K67: =VLOOKUP($C$59&" "&$F$67&J67&$F$67,TXRESULT!$A$1:$I$1004,6,FALSE) -> 2.2 | M67: =IF(ISBLANK(K67),"",IF(AND(K67*1>H67*1,K67*1<I67*1),"PASS","FAIL")) -> PASS | N67: =IF(ISBLANK(K67),"CHUADO","")
G68: =G67 -> 13.5 | H68: =H67 -> 0 | I68: =I67 -> 13.5 | J68: PORT26 | K68: =VLOOKUP($C$59&" "&$F$67&J68&$F$67,TXRESULT!$A$1:$I$1004,6,FALSE) -> 2.3 | M68: =IF(ISBLANK(K68),"",IF(AND(K68*1>H68*1,K68*1<I68*1),"PASS","FAIL")) -> PASS | N68: =IF(ISBLANK(K68),"CHUADO","")
G69: =G67 -> 13.5 | H69: =H67 -> 0 | I69: =I67 -> 13.5 | J69: PORT27 | K69: =VLOOKUP($C$59&" "&$F$67&J69&$F$67,TXRESULT!$A$1:$I$1004,6,FALSE) -> 2.2 | M69: =IF(ISBLANK(K69),"",IF(AND(K69*1>H69*1,K69*1<I69*1),"PASS","FAIL")) -> PASS | N69: =IF(ISBLANK(K69),"CHUADO","")
G70: =G67 -> 13.5 | H70: =H67 -> 0 | I70: =I67 -> 13.5 | J70: PORT28 | K70: =VLOOKUP($C$59&" "&$F$67&J70&$F$67,TXRESULT!$A$1:$I$1004,6,FALSE) -> 2.2 | M70: =IF(ISBLANK(K70),"",IF(AND(K70*1>H70*1,K70*1<I70*1),"PASS","FAIL")) -> PASS | N70: =IF(ISBLANK(K70),"CHUADO","")
G71: =G67 -> 13.5 | H71: =H67 -> 0 | I71: =I67 -> 13.5 | J71: PORT29 | K71: =VLOOKUP($C$59&" "&$F$67&J71&$F$67,TXRESULT!$A$1:$I$1004,6,FALSE) -> 2.2 | M71: =IF(ISBLANK(K71),"",IF(AND(K71*1>H71*1,K71*1<I71*1),"PASS","FAIL")) -> PASS | N71: =IF(ISBLANK(K71),"CHUADO","")
G72: =G67 -> 13.5 | H72: =H67 -> 0 | I72: =I67 -> 13.5 | J72: PORT30 | K72: =VLOOKUP($C$59&" "&$F$67&J72&$F$67,TXRESULT!$A$1:$I$1004,6,FALSE) -> 2.3 | M72: =IF(ISBLANK(K72),"",IF(AND(K72*1>H72*1,K72*1<I72*1),"PASS","FAIL")) -> PASS | N72: =IF(ISBLANK(K72),"CHUADO","")
G73: =G67 -> 13.5 | H73: =H67 -> 0 | I73: =I67 -> 13.5 | J73: PORT31 | K73: =VLOOKUP($C$59&" "&$F$67&J73&$F$67,TXRESULT!$A$1:$I$1004,6,FALSE) -> 2.3 | M73: =IF(ISBLANK(K73),"",IF(AND(K73*1>H73*1,K73*1<I73*1),"PASS","FAIL")) -> PASS | N73: =IF(ISBLANK(K73),"CHUADO","")
G74: =G67 -> 13.5 | H74: =H67 -> 0 | I74: =I67 -> 13.5 | J74: PORT32 | K74: =VLOOKUP($C$59&" "&$F$67&J74&$F$67,TXRESULT!$A$1:$I$1004,6,FALSE) -> 2.3 | M74: =IF(ISBLANK(K74),"",IF(AND(K74*1>H74*1,K74*1<I74*1),"PASS","FAIL")) -> PASS | N74: =IF(ISBLANK(K74),"CHUADO","")
B75: 1.6.3 | E75: % | F75: TM2.0 | G75: 9 | H75: 0 | I75: 9 | J75: PORT25 | K75: =VLOOKUP($C$59&" "&$F$75&J75&$F$75,TXRESULT!$A$1:$I$1004,6,FALSE) -> 0.5 | M75: =IF(ISBLANK(K75),"",IF(AND(K75*1>H75*1,K75*1<I75*1),"PASS","FAIL")) -> PASS | N75: =IF(ISBLANK(K75),"CHUADO","")
G76: =G75 -> 9 | H76: =H75 -> 0 | I76: =I75 -> 9 | J76: PORT26 | K76: =VLOOKUP($C$59&" "&$F$75&J76&$F$75,TXRESULT!$A$1:$I$1004,6,FALSE) -> 0.7 | M76: =IF(ISBLANK(K76),"",IF(AND(K76*1>H76*1,K76*1<I76*1),"PASS","FAIL")) -> PASS | N76: =IF(ISBLANK(K76),"CHUADO","")
G77: =G75 -> 9 | H77: =H75 -> 0 | I77: =I75 -> 9 | J77: PORT27 | K77: =VLOOKUP($C$59&" "&$F$75&J77&$F$75,TXRESULT!$A$1:$I$1004,6,FALSE) -> 0.5 | M77: =IF(ISBLANK(K77),"",IF(AND(K77*1>H77*1,K77*1<I77*1),"PASS","FAIL")) -> PASS | N77: =IF(ISBLANK(K77),"CHUADO","")
G78: =G75 -> 9 | H78: =H75 -> 0 | I78: =I75 -> 9 | J78: PORT28 | K78: =VLOOKUP($C$59&" "&$F$75&J78&$F$75,TXRESULT!$A$1:$I$1004,6,FALSE) -> 0.5 | M78: =IF(ISBLANK(K78),"",IF(AND(K78*1>H78*1,K78*1<I78*1),"PASS","FAIL")) -> PASS | N78: =IF(ISBLANK(K78),"CHUADO","")
G79: =G75 -> 9 | H79: =H75 -> 0 | I79: =I75 -> 9 | J79: PORT29 | K79: =VLOOKUP($C$59&" "&$F$75&J79&$F$75,TXRESULT!$A$1:$I$1004,6,FALSE) -> 0.6 | M79: =IF(ISBLANK(K79),"",IF(AND(K79*1>H79*1,K79*1<I79*1),"PASS","FAIL")) -> PASS | N79: =IF(ISBLANK(K79),"CHUADO","")
G80: =G75 -> 9 | H80: =H75 -> 0 | I80: =I75 -> 9 | J80: PORT30 | K80: =VLOOKUP($C$59&" "&$F$75&J80&$F$75,TXRESULT!$A$1:$I$1004,6,FALSE) -> 0.6 | M80: =IF(ISBLANK(K80),"",IF(AND(K80*1>H80*1,K80*1<I80*1),"PASS","FAIL")) -> PASS | N80: =IF(ISBLANK(K80),"CHUADO","")
G81: =G75 -> 9 | H81: =H75 -> 0 | I81: =I75 -> 9 | J81: PORT31 | K81: =VLOOKUP($C$59&" "&$F$75&J81&$F$75,TXRESULT!$A$1:$I$1004,6,FALSE) -> 0.5 | M81: =IF(ISBLANK(K81),"",IF(AND(K81*1>H81*1,K81*1<I81*1),"PASS","FAIL")) -> PASS | N81: =IF(ISBLANK(K81),"CHUADO","")
G82: =G75 -> 9 | H82: =H75 -> 0 | I82: =I75 -> 9 | J82: PORT32 | K82: =VLOOKUP($C$59&" "&$F$75&J82&$F$75,TXRESULT!$A$1:$I$1004,6,FALSE) -> 0.5 | M82: =IF(ISBLANK(K82),"",IF(AND(K82*1>H82*1,K82*1<I82*1),"PASS","FAIL")) -> PASS | N82: =IF(ISBLANK(K82),"CHUADO","")
E83: % | F83: TM3.1 | G83: 9 | H83: 0 | I83: 9 | J83: PORT25 | K83: =VLOOKUP($C$59&" "&$F$83&J83&$F$83,TXRESULT!$A$1:$I$1004,6,FALSE) -> 1.7 | M83: =IF(ISBLANK(K83),"",IF(AND(K83*1>H83*1,K83*1<I83*1),"PASS","FAIL")) -> PASS | N83: =IF(ISBLANK(K83),"CHUADO","")
G84: =G83 -> 9 | H84: =H83 -> 0 | I84: =I83 -> 9 | J84: PORT26 | K84: =VLOOKUP($C$59&" "&$F$83&J84&$F$83,TXRESULT!$A$1:$I$1004,6,FALSE) -> 1.8 | M84: =IF(ISBLANK(K84),"",IF(AND(K84*1>H84*1,K84*1<I84*1),"PASS","FAIL")) -> PASS | N84: =IF(ISBLANK(K84),"CHUADO","")
G85: =G83 -> 9 | H85: =H83 -> 0 | I85: =I83 -> 9 | J85: PORT27 | K85: =VLOOKUP($C$59&" "&$F$83&J85&$F$83,TXRESULT!$A$1:$I$1004,6,FALSE) -> 1.7 | M85: =IF(ISBLANK(K85),"",IF(AND(K85*1>H85*1,K85*1<I85*1),"PASS","FAIL")) -> PASS | N85: =IF(ISBLANK(K85),"CHUADO","")
G86: =G83 -> 9 | H86: =H83 -> 0 | I86: =I83 -> 9 | J86: PORT28 | K86: =VLOOKUP($C$59&" "&$F$83&J86&$F$83,TXRESULT!$A$1:$I$1004,6,FALSE) -> 1.7 | M86: =IF(ISBLANK(K86),"",IF(AND(K86*1>H86*1,K86*1<I86*1),"PASS","FAIL")) -> PASS | N86: =IF(ISBLANK(K86),"CHUADO","")
G87: =G83 -> 9 | H87: =H83 -> 0 | I87: =I83 -> 9 | J87: PORT29 | K87: =VLOOKUP($C$59&" "&$F$83&J87&$F$83,TXRESULT!$A$1:$I$1004,6,FALSE) -> 1.7 | M87: =IF(ISBLANK(K87),"",IF(AND(K87*1>H87*1,K87*1<I87*1),"PASS","FAIL")) -> PASS | N87: =IF(ISBLANK(K87),"CHUADO","")
G88: =G83 -> 9 | H88: =H83 -> 0 | I88: =I83 -> 9 | J88: PORT30 | K88: =VLOOKUP($C$59&" "&$F$83&J88&$F$83,TXRESULT!$A$1:$I$1004,6,FALSE) -> 1.8 | M88: =IF(ISBLANK(K88),"",IF(AND(K88*1>H88*1,K88*1<I88*1),"PASS","FAIL")) -> PASS | N88: =IF(ISBLANK(K88),"CHUADO","")
G89: =G83 -> 9 | H89: =H83 -> 0 | I89: =I83 -> 9 | J89: PORT31 | K89: =VLOOKUP($C$59&" "&$F$83&J89&$F$83,TXRESULT!$A$1:$I$1004,6,FALSE) -> 1.7 | M89: =IF(ISBLANK(K89),"",IF(AND(K89*1>H89*1,K89*1<I89*1),"PASS","FAIL")) -> PASS | N89: =IF(ISBLANK(K89),"CHUADO","")
G90: =G83 -> 9 | H90: =H83 -> 0 | I90: =I83 -> 9 | J90: PORT32 | K90: =VLOOKUP($C$59&" "&$F$83&J90&$F$83,TXRESULT!$A$1:$I$1004,6,FALSE) -> 1.7 | M90: =IF(ISBLANK(K90),"",IF(AND(K90*1>H90*1,K90*1<I90*1),"PASS","FAIL")) -> PASS | N90: =IF(ISBLANK(K90),"CHUADO","")
B91: 1.6.4 | E91: % | F91: TM2.0a | G91: 4.5 | H91: 0 | I91: 4.5 | J91: PORT25 | K91: =VLOOKUP($C$59&" "&$F$91&J91&$F$91,TXRESULT!$A$1:$I$1004,6,FALSE) -> 1.1 | M91: =IF(ISBLANK(K91),"",IF(AND(K91*1>H91*1,K91*1<I91*1),"PASS","FAIL")) -> PASS | N91: =IF(ISBLANK(K91),"CHUADO","")
G92: =G91 -> 4.5 | H92: =H91 -> 0 | I92: =I91 -> 4.5 | J92: PORT26 | K92: =VLOOKUP($C$59&" "&$F$91&J92&$F$91,TXRESULT!$A$1:$I$1004,6,FALSE) -> 1.2 | M92: =IF(ISBLANK(K92),"",IF(AND(K92*1>H92*1,K92*1<I92*1),"PASS","FAIL")) -> PASS | N92: =IF(ISBLANK(K92),"CHUADO","")
G93: =G91 -> 4.5 | H93: =H91 -> 0 | I93: =I91 -> 4.5 | J93: PORT27 | K93: =VLOOKUP($C$59&" "&$F$91&J93&$F$91,TXRESULT!$A$1:$I$1004,6,FALSE) -> 1.1 | M93: =IF(ISBLANK(K93),"",IF(AND(K93*1>H93*1,K93*1<I93*1),"PASS","FAIL")) -> PASS | N93: =IF(ISBLANK(K93),"CHUADO","")
G94: =G91 -> 4.5 | H94: =H91 -> 0 | I94: =I91 -> 4.5 | J94: PORT28 | K94: =VLOOKUP($C$59&" "&$F$91&J94&$F$91,TXRESULT!$A$1:$I$1004,6,FALSE) -> 1 | M94: =IF(ISBLANK(K94),"",IF(AND(K94*1>H94*1,K94*1<I94*1),"PASS","FAIL")) -> PASS | N94: =IF(ISBLANK(K94),"CHUADO","")
G95: =G91 -> 4.5 | H95: =H91 -> 0 | I95: =I91 -> 4.5 | J95: PORT29 | K95: =VLOOKUP($C$59&" "&$F$91&J95&$F$91,TXRESULT!$A$1:$I$1004,6,FALSE) -> 1.3 | M95: =IF(ISBLANK(K95),"",IF(AND(K95*1>H95*1,K95*1<I95*1),"PASS","FAIL")) -> PASS | N95: =IF(ISBLANK(K95),"CHUADO","")
G96: =G91 -> 4.5 | H96: =H91 -> 0 | I96: =I91 -> 4.5 | J96: PORT30 | K96: =VLOOKUP($C$59&" "&$F$91&J96&$F$91,TXRESULT!$A$1:$I$1004,6,FALSE) -> 1.1 | M96: =IF(ISBLANK(K96),"",IF(AND(K96*1>H96*1,K96*1<I96*1),"PASS","FAIL")) -> PASS | N96: =IF(ISBLANK(K96),"CHUADO","")
G97: =G91 -> 4.5 | H97: =H91 -> 0 | I97: =I91 -> 4.5 | J97: PORT31 | K97: =VLOOKUP($C$59&" "&$F$91&J97&$F$91,TXRESULT!$A$1:$I$1004,6,FALSE) -> 1.1 | M97: =IF(ISBLANK(K97),"",IF(AND(K97*1>H97*1,K97*1<I97*1),"PASS","FAIL")) -> PASS | N97: =IF(ISBLANK(K97),"CHUADO","")
G98: =G91 -> 4.5 | H98: =H91 -> 0 | I98: =I91 -> 4.5 | J98: PORT32 | K98: =VLOOKUP($C$59&" "&$F$91&J98&$F$91,TXRESULT!$A$1:$I$1004,6,FALSE) -> 1.1 | M98: =IF(ISBLANK(K98),"",IF(AND(K98*1>H98*1,K98*1<I98*1),"PASS","FAIL")) -> PASS | N98: =IF(ISBLANK(K98),"CHUADO","")
E99: % | F99: TM3.1a | G99: 4.5 | H99: 0 | I99: 4.5 | J99: PORT25 | K99: =VLOOKUP($C$59&" "&$F$99&J99&$F$99,TXRESULT!$A$1:$I$1004,6,FALSE) -> 1.6 | M99: =IF(ISBLANK(K99),"",IF(AND(K99*1>H99*1,K99*1<I99*1),"PASS","FAIL")) -> PASS | N99: =IF(ISBLANK(K99),"CHUADO","")
G100: =G99 -> 4.5 | H100: =H99 -> 0 | I100: =I99 -> 4.5 | J100: PORT26 | K100: =VLOOKUP($C$59&" "&$F$99&J100&$F$99,TXRESULT!$A$1:$I$1004,6,FALSE) -> 1.7 | M100: =IF(ISBLANK(K100),"",IF(AND(K100*1>H100*1,K100*1<I100*1),"PASS","FAIL")) -> PASS | N100: =IF(ISBLANK(K100),"CHUADO","")
...

Sheet TXRESULT
B1: PORT | C1: CLAUSE | D1: SPEC | E1: MIN | F1: MEAS | G1: MAX | H1: NRTM | I1: Time | J1: PASS/FAIL | K1: NOTE | P1: Yeu cau voi file report ket qua
A2: =C2&B2&H2 -> Base station output powerPORT1TM1.1 | B2: PORT1 | C2: Base station output power | D2: 40 | E2: 37.3 | F2: 40.1 | G2: 42.7 | H2: TM1.1 | I2: 0.24914352 | J2: PASS | P2: - Xoa bo dau + trong truong CLAUSE
A3: =C3&B3&H3 -> Base station output powerPORT2TM1.1 | B3: PORT2 | C3: Base station output power | D3: 40 | E3: 37.3 | F3: 40.3 | G3: 42.7 | H3: TM1.1 | I3: 0.24935185 | J3: PASS | P3: - Doi ten TM1.1 thanh TM1.1 tuong ung voi cac TM con laij
A4: =C4&B4&H4 -> Base station output powerPORT3TM1.1 | B4: PORT3 | C4: Base station output power | D4: 40 | E4: 37.3 | F4: 40.1 | G4: 42.7 | H4: TM1.1 | I4: 0.24956019 | J4: PASS | P4: - Ten trong CLAUSE khong them truong NRTM
A5: =C5&B5&H5 -> Base station output powerPORT4TM1.1 | B5: PORT4 | C5: Base station output power | D5: 40 | E5: 37.3 | F5: 40.1 | G5: 42.7 | H5: TM1.1 | I5: 0.24976852 | J5: PASS | P5: - Voi bai do OBUE, SPUR them truong thong tin OBUE1,OBUE2,OBUE3,OBUE4 va SPUR1,SPUR2,SPUR3,SPUR4,SPUR5
A6: =C6&B6&H6 -> Base station output powerPORT5TM1.1 | B6: PORT5 | C6: Base station output power | D6: 40 | E6: 37.3 | F6: 39.6 | G6: 42.7 | H6: TM1.1 | I6: 0.24996528 | J6: PASS | P6: - Voi bai do IMD them truong thong tin nhu OBUE va SPUR
A7: =C7&B7&H7 -> Base station output powerPORT6TM1.1 | B7: PORT6 | C7: Base station output power | D7: 40 | E7: 37.3 | F7: 39.9 | G7: 42.7 | H7: TM1.1 | I7: 0.25017361 | J7: PASS | P7: - Voi bai do IMD, ghi truong IMD Ad…, IMD Oper…, IMD Spur…
A8: =C8&B8&H8 -> Base station output powerPORT7TM1.1 | B8: PORT7 | C8: Base station output power | D8: 40 | E8: 37.3 | F8: 39.9 | G8: 42.7 | H8: TM1.1 | I8: 0.25038194 | J8: PASS
A9: =C9&B9&H9 -> Base station output powerPORT8TM1.1 | B9: PORT8 | C9: Base station output power | D9: 40 | E9: 37.3 | F9: 39.8 | G9: 42.7 | H9: TM1.1 | I9: 0.25059028 | J9: PASS | Q9: NRTM | R9: PORT | S9: MEAS
A10: =C10&B10&H10 -> Base station output powerPORT9TM1.1 | B10: PORT9 | C10: Base station output power | D10: 40 | E10: 37.3 | F10: 39.8 | G10: 42.7 | H10: TM1.1 | I10: 0.25078704 | J10: PASS | P10: Base station output power | Q10: TM1.1 | R10: PORT16 | S10: =VLOOKUP(P10&R10,A1:$J$613,6,FALSE) -> #N/A | U10: 32
A11: =C11&B11&H11 -> Base station output powerPORT10TM1.1 | B11: PORT10 | C11: Base station output power | D11: 40 | E11: 37.3 | F11: 39.5 | G11: 42.7 | H11: TM1.1 | I11: 0.25099537 | J11: PASS | P11: Occupied bandwidth | Q11: TM1.1 | R11: PORT21 | S11: =VLOOKUP(P11&R11,A2:$J$613,6,FALSE) -> #N/A | U11: 32
A12: =C12&B12&H12 -> Base station output powerPORT11TM1.1 | B12: PORT11 | C12: Base station output power | D12: 40 | E12: 37.3 | F12: 39.8 | G12: 42.7 | H12: TM1.1 | I12: 0.2512037 | J12: PASS | P12: Adjacent channel leakage power | Q12: TM1.1 TM1.2 | R12: PORT3 | S12: =MIN(IF((B2:B97=R12)*(C2:C97=P12),F2:F97,"")) -> #VALUE! | U12: 64
A13: =C13&B13&H13 -> Base station output powerPORT12TM1.1 | B13: PORT12 | C13: Base station output power | D13: 40 | E13: 37.3 | F13: 39.6 | G13: 42.7 | H13: TM1.1 | I13: 0.25141204 | J13: PASS | P13: Operating band Unwanted emissions | Q13: TM1.1 TM1.2 | R13: PORT1 | S13: {=MAX(IF((B1:B1000=R13)*(C1:C1000=P13)*(K1:K1000="OBUE1"),F1:F1000,""))} -> 0 | U13: =3*32*2 -> 192
A14: =C14&B14&H14 -> Base station output powerPORT13TM1.1 | B14: PORT13 | C14: Base station output power | D14: 40 | E14: 37.3 | F14: 39.5 | G14: 42.7 | H14: TM1.1 | I14: 0.25162037 | J14: PASS | P14: Modulation quality | Q14: TM3.1a | R14: PORT5 | S14: =VLOOKUP(P14&R14,A5:$J$613,6,FALSE) -> #N/A | U14: =32*6 -> 192
A15: =C15&B15&H15 -> Base station output powerPORT14TM1.1 | B15: PORT14 | C15: Base station output power | D15: 40 | E15: 37.3 | F15: 39.8 | G15: 42.7 | H15: TM1.1 | I15: 0.2518287 | J15: PASS | P15: Frequency error | Q15: TM2.0 TM2.0a TM3.1 TM3.1a | R15: PORT6 | S15: {=MAX(IF((B1:B613=R15)*(C1:C613=P15),F1:F613,""))} -> 0 | U15: =32*6 -> 192
A16: =C16&B16&H16 -> Base station output powerPORT15TM1.1 | B16: PORT15 | C16: Base station output power | D16: 40 | E16: 37.3 | F16: 39.8 | G16: 42.7 | H16: TM1.1 | I16: 0.25202546 | J16: PASS | P16: Total power dynamic range | Q16: TM2.0a TM3.1a | R16: PORT7 | S16: =VLOOKUP(P16&R16,A7:$J$613,6,FALSE) -> #N/A | U16: 32
A17: =C17&B17&H17 -> Base station output powerPORT16TM1.1 | B17: PORT16 | C17: Base station output power | D17: 40 | E17: 37.3 | F17: 39.9 | G17: 42.7 | H17: TM1.1 | I17: 0.2522338 | J17: PASS | P17: Transmitter spurious emission | Q17: TM1.1 | R17: PORT1 | S17: {=MIN(IF((C1:C2000=P17)*(B1:B2000=R17)*(K1:K2000="SPUR1"),F1:F2000,""))} -> 0 | U17: =32*5 -> 160
A18: =C18&B18&H18 -> Base station output powerPORT17TM1.1 | B18: PORT17 | C18: Base station output power | D18: 40 | E18: 37.3 | F18: 39.8 | G18: 42.7 | H18: TM1.1 | I18: 0.25244213 | J18: PASS | P18: Transmitter OFF power | U18: 32
A19: =C19&B19&H19 -> Base station output powerPORT18TM1.1 | B19: PORT18 | C19: Base station output power | D19: 40 | E19: 37.3 | F19: 39.7 | G19: 42.7 | H19: TM1.1 | I19: 0.25265046 | J19: PASS | P19: Transmitter transient period | U19: 32
A20: =C20&B20&H20 -> Base station output powerPORT19TM1.1 | B20: PORT19 | C20: Base station output power | D20: 40 | E20: 37.3 | F20: 39.8 | G20: 42.7 | H20: TM1.1 | I20: 0.25284722 | J20: PASS | P20: Time alignment error | U20: 32
A21: =C21&B21&H21 -> Base station output powerPORT20TM1.1 | B21: PORT20 | C21: Base station output power | D21: 40 | E21: 37.3 | F21: 39.6 | G21: 42.7 | H21: TM1.1 | I21: 0.25305556 | J21: PASS | P21: IMD Adjacent channel leakage power | U21: 32
A22: =C22&B22&H22 -> Base station output powerPORT21TM1.1 | B22: PORT21 | C22: Base station output power | D22: 40 | E22: 37.3 | F22: 40 | G22: 42.7 | H22: TM1.1 | I22: 0.25326389 | J22: PASS | P22: IMD Operating band Unwanted emissions | U22: =3*32*1 -> 96
A23: =C23&B23&H23 -> Base station output powerPORT22TM1.1 | B23: PORT22 | C23: Base station output power | D23: 40 | E23: 37.3 | F23: 39.5 | G23: 42.7 | H23: TM1.1 | I23: 0.25347222 | J23: PASS | P23: IMD Transmitter spurious emission | U23: =32*5 -> 160
A24: =C24&B24&H24 -> Base station output powerPORT23TM1.1 | B24: PORT23 | C24: Base station output power | D24: 40 | E24: 37.3 | F24: 39.7 | G24: 42.7 | H24: TM1.1 | I24: 0.25368056 | J24: PASS | U24: =SUM(U10:U23) -> 1280
A25: =C25&B25&H25 -> Base station output powerPORT24TM1.1 | B25: PORT24 | C25: Base station output power | D25: 40 | E25: 37.3 | F25: 39.4 | G25: 42.7 | H25: TM1.1 | I25: 0.25388889 | J25: PASS
A26: =C26&B26&H26 -> Base station output powerPORT25TM1.1 | B26: PORT25 | C26: Base station output power | D26: 40 | E26: 37.3 | F26: 39.8 | G26: 42.7 | H26: TM1.1 | I26: 0.25408565 | J26: PASS
A27: =C27&B27&H27 -> Base station output powerPORT26TM1.1 | B27: PORT26 | C27: Base station output power | D27: 40 | E27: 37.3 | F27: 39.7 | G27: 42.7 | H27: TM1.1 | I27: 0.25429398 | J27: PASS
A28: =C28&B28&H28 -> Base station output powerPORT27TM1.1 | B28: PORT27 | C28: Base station output power | D28: 40 | E28: 37.3 | F28: 39.7 | G28: 42.7 | H28: TM1.1 | I28: 0.25450231 | J28: PASS
A29: =C29&B29&H29 -> Base station output powerPORT28TM1.1 | B29: PORT28 | C29: Base station output power | D29: 40 | E29: 37.3 | F29: 39.6 | G29: 42.7 | H29: TM1.1 | I29: 0.25469907 | J29: PASS
A30: =C30&B30&H30 -> Base station output powerPORT29TM1.1 | B30: PORT29 | C30: Base station output power | D30: 40 | E30: 37.3 | F30: 39.9 | G30: 42.7 | H30: TM1.1 | I30: 0.25490741 | J30: PASS
A31: =C31&B31&H31 -> Base station output powerPORT30TM1.1 | B31: PORT30 | C31: Base station output power | D31: 40 | E31: 37.3 | F31: 39.8 | G31: 42.7 | H31: TM1.1 | I31: 0.25511574 | J31: PASS
A32: =C32&B32&H32 -> Base station output powerPORT31TM1.1 | B32: PORT31 | C32: Base station output power | D32: 40 | E32: 37.3 | F32: 39.6 | G32: 42.7 | H32: TM1.1 | I32: 0.25532407 | J32: PASS
A33: =C33&B33&H33 -> Base station output powerPORT32TM1.1 | B33: PORT32 | C33: Base station output power | D33: 40 | E33: 37.3 | F33: 39.4 | G33: 42.7 | H33: TM1.1 | I33: 0.25553241 | J33: PASS
A34: =C34&B34&H34 -> Occupied bandwidthPORT1TM1.1 | B34: PORT1 | C34: Occupied bandwidth | D34: 98.28 | G34: 98.28 | H34: TM1.1 | I34: 0.43822917 | J34: PASS
A35: =C35&B35&H35 -> Occupied bandwidthPORT2TM1.1 | B35: PORT2 | C35: Occupied bandwidth | D35: 98.28 | G35: 98.28 | H35: TM1.1 | I35: 0.43850694 | J35: PASS
A36: =C36&B36&H36 -> Occupied bandwidthPORT3TM1.1 | B36: PORT3 | C36: Occupied bandwidth | D36: 98.28 | G36: 98.28 | H36: TM1.1 | I36: 0.43878472 | J36: PASS
A37: =C37&B37&H37 -> Occupied bandwidthPORT4TM1.1 | B37: PORT4 | C37: Occupied bandwidth | D37: 98.28 | G37: 98.28 | H37: TM1.1 | I37: 0.43905093 | J37: PASS
A38: =C38&B38&H38 -> Occupied bandwidthPORT5TM1.1 | B38: PORT5 | C38: Occupied bandwidth | D38: 98.28 | G38: 98.28 | H38: TM1.1 | I38: 0.4393287 | J38: PASS
A39: =C39&B39&H39 -> Occupied bandwidthPORT6TM1.1 | B39: PORT6 | C39: Occupied bandwidth | D39: 98.28 | G39: 98.28 | H39: TM1.1 | I39: 0.43960648 | J39: PASS
A40: =C40&B40&H40 -> Occupied bandwidthPORT7TM1.1 | B40: PORT7 | C40: Occupied bandwidth | D40: 98.28 | G40: 98.28 | H40: TM1.1 | I40: 0.43988426 | J40: PASS
A41: =C41&B41&H41 -> Occupied bandwidthPORT8TM1.1 | B41: PORT8 | C41: Occupied bandwidth | D41: 98.28 | G41: 98.28 | H41: TM1.1 | I41: 0.44015046 | J41: PASS
A42: =C42&B42&H42 -> Occupied bandwidthPORT9TM1.1 | B42: PORT9 | C42: Occupied bandwidth | D42: 98.28 | G42: 98.28 | H42: TM1.1 | I42: 0.44042824 | J42: PASS
A43: =C43&B43&H43 -> Occupied bandwidthPORT10TM1.1 | B43: PORT10 | C43: Occupied bandwidth | D43: 98.28 | G43: 98.28 | H43: TM1.1 | I43: 0.44070602 | J43: PASS
A44: =C44&B44&H44 -> Occupied bandwidthPORT11TM1.1 | B44: PORT11 | C44: Occupied bandwidth | D44: 98.28 | G44: 98.28 | H44: TM1.1 | I44: 0.4409838 | J44: PASS
A45: =C45&B45&H45 -> Occupied bandwidthPORT12TM1.1 | B45: PORT12 | C45: Occupied bandwidth | D45: 98.28 | G45: 98.28 | H45: TM1.1 | I45: 0.44125 | J45: PASS
... A64: =C64&B64&H64 -> Occupied bandwidthPORT31TM1.1 | B64: PORT31 | C64: Occupied bandwidth | D64: 98.28 | G64: 98.28 | H64: TM1.1 | I64: 0.44646991 | J64: PASS
A65: =C65&B65&H65 -> Occupied bandwidthPORT32TM1.1 | B65: PORT32 | C65: Occupied bandwidth | D65: 98.28 | G65: 98.28 | H65: TM1.1 | I65: 0.44674769 | J65: PASS | P65: =LEFT(C66,30) -> Adjacent channel leakage power | Q65: Adjacent channel leakage power
A66: =C66&B66&H66 -> Adjacent channel leakage power TM1.1PORT1TM1.1 | B66: PORT1 | C66: Adjacent channel leakage power TM1.1 | D66: 43.8 | E66: 43.8 | F66: 48.6 | H66: TM1.1 | I66: 0.3437963 | J66: PASS
A67: =C67&B67&H67 -> Adjacent channel leakage power TM1.1PORT2TM1.1 | B67: PORT2 | C67: Adjacent channel leakage power TM1.1 | D67: 43.8 | E67: 43.8 | F67: 46.1 | H67: TM1.1 | I67: 0.34424769 | J67: FAIL
A68: =C68&B68&H68 -> Adjacent channel leakage power TM1.1PORT3TM1.1 | B68: PORT3 | C68: Adjacent channel leakage power TM1.1 | D68: 43.8 | E68: 43.8 | F68: 48.6 | H68: TM1.1 | I68: 0.34439815 | J68: PASS
A69: =C69&B69&H69 -> Adjacent channel leakage power TM1.1PORT4TM1.1 | B69: PORT4 | C69: Adjacent channel leakage power TM1.1 | D69: 43.8 | E69: 43.8 | F69: 51.1 | H69: TM1.1 | I69: 0.34454861 | J69: PASS
A70: =C70&B70&H70 -> Adjacent channel leakage power TM1.1PORT5TM1.1 | B70: PORT5 | C70: Adjacent channel leakage power TM1.1 | D70: 43.8 | E70: 43.8 | F70: 48.5 | H70: TM1.1 | I70: 0.34469907 | J70: PASS
A71: =C71&B71&H71 -> Adjacent channel leakage power TM1.1PORT6TM1.1 | B71: PORT6 | C71: Adjacent channel leakage power TM1.1 | D71: 43.8 | E71: 43.8 | F71: 45.7 | H71: TM1.1 | I71: 0.34515046 | J71: FAIL | P71: {=LEFT(C66:C92,30)="Adjacent channel leakage power"} -> TRUE
A72: =C72&B72&H72 -> Adjacent channel leakage power TM1.1PORT7TM1.1 | B72: PORT7 | C72: Adjacent channel leakage power TM1.1 | D72: 43.8 | E72: 43.8 | F72: 50.1 | H72: TM1.1 | I72: 0.34530093 | J72: PASS
A73: =C73&B73&H73 -> Adjacent channel leakage power TM1.1PORT8TM1.1 | B73: PORT8 | C73: Adjacent channel leakage power TM1.1 | D73: 43.8 | E73: 43.8 | F73: 51.2 | H73: TM1.1 | I73: 0.34545139 | J73: PASS
A74: =C74&B74&H74 -> Adjacent channel leakage power TM1.1PORT9TM1.1 | B74: PORT9 | C74: Adjacent channel leakage power TM1.1 | D74: 43.8 | E74: 43.8 | F74: 49.2 | H74: TM1.1 | I74: 0.34560185 | J74: PASS
A75: =C75&B75&H75 -> Adjacent channel leakage power TM1.1PORT10TM1.1 | B75: PORT10 | C75: Adjacent channel leakage power TM1.1 | D75: 43.8 | E75: 43.8 | F75: 46.1 | H75: TM1.1 | I75: 0.34606481 | J75: FAIL
A76: =C76&B76&H76 -> Adjacent channel leakage power TM1.1PORT11TM1.1 | B76: PORT11 | C76: Adjacent channel leakage power TM1.1 | D76: 43.8 | E76: 43.8 | F76: 48.7 | H76: TM1.1 | I76: 0.34621528 | J76: PASS
A77: =C77&B77&H77 -> Adjacent channel leakage power TM1.1PORT12TM1.1 | B77: PORT12 | C77: Adjacent channel leakage power TM1.1 | D77: 43.8 | E77: 43.8 | F77: 50.4 | H77: TM1.1 | I77: 0.34636574 | J77: PASS
A78: =C78&B78&H78 -> Adjacent channel leakage power TM1.1PORT13TM1.1 | B78: PORT13 | C78: Adjacent channel leakage power TM1.1 | D78: 43.8 | E78: 43.8 | F78: 47.6 | H78: TM1.1 | I78: 0.34681713 | J78: FAIL
A79: =C79&B79&H79 -> Adjacent channel leakage power TM1.1PORT14TM1.1 | B79: PORT14 | C79: Adjacent channel leakage power TM1.1 | D79: 43.8 | E79: 43.8 | F79: 45.8 | H79: TM1.1 | I79: 0.34726852 | J79: FAIL
A80: =C80&B80&H80 -> Adjacent channel leakage power TM1.1PORT15TM1.1 | B80: PORT15 | C80: Adjacent channel leakage power TM1.1 | D80: 43.8 | E80: 43.8 | F80: 49.9 | H80: TM1.1 | I80: 0.34741898 | J80: PASS
A81: =C81&B81&H81 -> Adjacent channel leakage power TM1.1PORT16TM1.1 | B81: PORT16 | C81: Adjacent channel leakage power TM1.1 | D81: 43.8 | E81: 43.8 | F81: 50.8 | H81: TM1.1 | I81: 0.34756944 | J81: PASS
A82: =C82&B82&H82 -> Adjacent channel leakage power TM1.1PORT17TM1.1 | B82: PORT17 | C82: Adjacent channel leakage power TM1.1 | D82: 43.8 | E82: 43.8 | F82: 48.8 | H82: TM1.1 | I82: 0.34771991 | J82: PASS
A83: =C83&B83&H83 -> Adjacent channel leakage power TM1.1PORT18TM1.1 | B83: PORT18 | C83: Adjacent channel leakage power TM1.1 | D83: 43.8 | E83: 43.8 | F83: 46.7 | H83: TM1.1 | I83: 0.3481713 | J83: FAIL
... A129: =C129&B129&H129 -> Adjacent channel leakage power TM1.2PORT32TM1.2 | B129: PORT32 | C129: Adjacent channel leakage power TM1.2 | D129: 43.8 | E129: 43.8 | F129: 51.3 | H129: TM1.2 | I129: 0.35934028 | J129: PASS
A130: =C130&B130&H130 | P130: =LEN(C130) -> 0
A131: =C131&B131&H131 | P131: =LEFT(C130,33)
A132: =C132&B132&H132
A133: =C133&B133&H133
A134: =C134&B134&H134
A135: =C135&B135&H135
A136: =C136&B136&H136
A137: =C137&B137&H137
A138: =C138&B138&H138
A139: =C139&B139&H139
A140: =C140&B140&H140
A141: =C141&B141&H141
A142: =C142&B142&H142
A143: =C143&B143&H143
... A197: =C197&B197&H197
A198: =C198&B198&H198 -> Modulation quality TM2.0PORT1TM2.0 | B198: PORT1 | C198: Modulation quality TM2.0 | D198: 8 | F198: 0.7 | G198: 8 | H198: TM2.0 | I198: 0.27099537 | J198: PASS
A199: =C199&B199&H199 -> Modulation quality TM2.0PORT2TM2.0 | B199: PORT2 | C199: Modulation quality TM2.0 | D199: 8 | F199: 0.6 | G199: 8 | H199: TM2.0 | I199: 0.27116898 | J199: PASS
A200: =C200&B200&H200 -> Modulation quality TM2.0PORT3TM2.0 | B200: PORT3 | C200: Modulation quality TM2.0 | D200: 8 | F200: 0.6 | G200: 8 | H200: TM2.0 | I200: 0.27134259 | J200: PASS
A201: =C201&B201&H201 -> Modulation quality TM2.0PORT4TM2.0 | B201: PORT4 | C201: Modulation quality TM2.0 | D201: 8 | F201: 0.5 | G201: 8 | H201: TM2.0 | I201: 0.27150463 | J201: PASS
A202: =C202&B202&H202 -> Modulation quality TM2.0PORT5TM2.0 | B202: PORT5 | C202: Modulation quality TM2.0 | D202: 8 | F202: 0.4 | G202: 8 | H202: TM2.0 | I202: 0.27167824 | J202: PASS
A203: =C203&B203&H203 -> Modulation quality TM2.0PORT6TM2.0 | B203: PORT6 | C203: Modulation quality TM2.0 | D203: 8 | F203: 0.7 | G203: 8 | H203: TM2.0 | I203: 0.27185185 | J203: PASS
A204: =C204&B204&H204 -> Modulation quality TM2.0PORT7TM2.0 | B204: PORT7 | C204: Modulation quality TM2.0 | D204: 8 | F204: 0.5 | G204: 8 | H204: TM2.0 | I204: 0.27202546 | J204: PASS
A205: =C205&B205&H205 -> Modulation quality TM2.0PORT8TM2.0 | B205: PORT8 | C205: Modulation quality TM2.0 | D205: 8 | F205: 0.6 | G205: 8 | H205: TM2.0 | I205: 0.27219907 | J205: PASS
A206: =C206&B206&H206 -> Modulation quality TM2.0PORT9TM2.0 | B206: PORT9 | C206: Modulation quality TM2.0 | D206: 8 | F206: 0.6 | G206: 8 | H206: TM2.0 | I206: 0.27237269 | J206: PASS
A207: =C207&B207&H207 -> Modulation quality TM2.0PORT10TM2.0 | B207: PORT10 | C207: Modulation quality TM2.0 | D207: 8 | F207: 0.5 | G207: 8 | H207: TM2.0 | I207: 0.2725463 | J207: PASS
A208: =C208&B208&H208 -> Modulation quality TM2.0PORT11TM2.0 | B208: PORT11 | C208: Modulation quality TM2.0 | D208: 8 | F208: 0.5 | G208: 8 | H208: TM2.0 | I208: 0.27271991 | J208: PASS
A209: =C209&B209&H209 -> Modulation quality TM2.0PORT12TM2.0 | B209: PORT12 | C209: Modulation quality TM2.0 | D209: 8 | F209: 0.7 | G209: 8 | H209: TM2.0 | I209: 0.27289352 | J209: PASS
... A389: =C389&B389&H389 -> Modulation quality TM3.3PORT32TM3.3 | B389: PORT32 | C389: Modulation quality TM3.3 | D389: 17.5 | F389: 3.1 | G389: 17.5 | H389: TM3.3 | I389: 0.51243056 | J389: PASS
A390: =C390&B390&H390 -> Frequency error TM2.0PORT1TM3.3 | B390: PORT1 | C390: Frequency error TM2.0 | D390: 127.5 | E390: 115.5 | F390: 0 | G390: 139.5 | H390: TM3.3 | I390: 0.2943287 | J390: PASS
A391: =C391&B391&H391 -> Frequency error TM2.0PORT2TM3.3 | B391: PORT2 | C391: Frequency error TM2.0 | D391: 127.5 | E391: 115.5 | F391: 0.5 | G391: 139.5 | H391: TM3.3 | I391: 0.29434028 | J391: PASS
A392: =C392&B392&H392 -> Frequency error TM2.0PORT3TM3.3 | B392: PORT3 | C392: Frequency error TM2.0 | D392: 127.5 | E392: 115.5 | F392: 0.2 | G392: 139.5 | H392: TM3.3 | I392: 0.29434028 | J392: PASS
A393: =C393&B393&H393 -> Frequency error TM2.0PORT4TM3.3 | B393: PORT4 | C393: Frequency error TM2.0 | D393: 127.5 | E393: 115.5 | F393: 0.3 | G393: 139.5 | H393: TM3.3 | I393: 0.29435185 | J393: PASS
A394: =C394&B394&H394 -> Frequency error TM2.0PORT5TM3.3 | B394: PORT5 | C394: Frequency error TM2.0 | D394: 127.5 | E394: 115.5 | F394: 0.3 | G394: 139.5 | H394: TM3.3 | I394: 0.29435185 | J394: PASS
A395: =C395&B395&H395 -> Frequency error TM2.0PORT6TM3.3 | B395: PORT6 | C395: Frequency error TM2.0 | D395: 127.5 | E395: 115.5 | F395: 0.4 | G395: 139.5 | H395: TM3.3 | I395: 0.29436343 | J395: PASS
...

Sheet RXRESULT
B1: PORT | C1: CLAUSE | D1: SPEC | E1: MIN | F1: MEAS | G1: MAX | H1: ThoughPut | I1: Time | J1: PASS/FAIL
A2: =C2&B2 -> Reference sensitivity levelPORT1 | B2: PORT1 | C2: Reference sensitivity level | D2: -94.9 | F2: -95 | G2: -94.9 | H2: 98.9 | I2: 0.41263889 | J2: PASS
A3: =C3&B3 -> Reference sensitivity levelPORT2 | B3: PORT2 | C3: Reference sensitivity level | D3: -94.9 | F3: -95 | G3: -94.9 | H3: 99.8 | I3: 0.41311343 | J3: PASS
A4: =C4&B4 -> Reference sensitivity levelPORT3 | B4: PORT3 | C4: Reference sensitivity level | D4: -94.9 | F4: -95 | G4: -94.9 | H4: 99.8 | I4: 0.41357639 | J4: PASS
A5: =C5&B5 -> Reference sensitivity levelPORT4 | B5: PORT4 | C5: Reference sensitivity level | D5: -94.9 | F5: -95 | G5: -94.9 | H5: 99.8 | I5: 0.41405093 | J5: PASS
A6: =C6&B6 -> Reference sensitivity levelPORT5 | B6: PORT5 | C6: Reference sensitivity level | D6: -94.9 | F6: -95 | G6: -94.9 | H6: 99.8 | I6: 0.41452546 | J6: PASS
A7: =C7&B7 -> Reference sensitivity levelPORT6 | B7: PORT6 | C7: Reference sensitivity level | D7: -94.9 | F7: -95 | G7: -94.9 | H7: 99.8 | I7: 0.415 | J7: PASS
A8: =C8&B8 -> Reference sensitivity levelPORT7 | B8: PORT7 | C8: Reference sensitivity level | D8: -94.9 | F8: -95 | G8: -94.9 | H8: 99.8 | I8: 0.41547454 | J8: PASS
A9: =C9&B9 -> Reference sensitivity levelPORT8 | B9: PORT8 | C9: Reference sensitivity level | D9: -94.9 | F9: -95 | G9: -94.9 | H9: 99.8 | I9: 0.41594907 | J9: PASS
A10: =C10&B10 -> Reference sensitivity levelPORT9 | B10: PORT9 | C10: Reference sensitivity level | D10: -94.9 | F10: -95 | G10: -94.9 | H10: 98.9 | I10: 0.41638889 | J10: PASS
A11: =C11&B11 -> Reference sensitivity levelPORT10 | B11: PORT10 | C11: Reference sensitivity level | D11: -94.9 | F11: -95 | G11: -94.9 | H11: 99.8 | I11: 0.41686343 | J11: PASS
A12: =C12&B12 -> Reference sensitivity levelPORT11 | B12: PORT11 | C12: Reference sensitivity level | D12: -94.9 | F12: -95 | G12: -94.9 | H12: 99.8 | I12: 0.41733796 | J12: PASS
A13: =C13&B13 -> Reference sensitivity levelPORT12 | B13: PORT12 | C13: Reference sensitivity level | D13: -94.9 | F13: -95 | G13: -94.9 | H13: 99.8 | I13: 0.4178125 | J13: PASS
... A33: =C33&B33 -> Reference sensitivity levelPORT32 | B33: PORT32 | C33: Reference sensitivity level | D33: -94.9 | F33: -95 | G33: -94.9 | H33: 99.8 | I33: 0.42990741 | J33: PASS
A34: =C34&B34 -> Dynamic rangePORT1 | B34: PORT1 | C34: Dynamic range | D34: -69.1 | F34: -67.1 | H34: 98.9
A35: =C35&B35 -> Dynamic rangePORT2 | B35: PORT2 | C35: Dynamic range | D35: -69.1 | F35: -67.1 | H35: 99.8
A36: =C36&B36 -> Dynamic rangePORT3 | B36: PORT3 | C36: Dynamic range | D36: -69.1 | F36: -67.1 | H36: 99.8
A37: =C37&B37 -> Dynamic rangePORT4 | B37: PORT4 | C37: Dynamic range | D37: -69.1 | F37: -67.1 | H37: 99.8
A38: =C38&B38 -> Dynamic rangePORT5 | B38: PORT5 | C38: Dynamic range | D38: -69.1 | F38: -67.1 | H38: 99.8
A39: =C39&B39 -> Dynamic rangePORT6 | B39: PORT6 | C39: Dynamic range | D39: -69.1 | F39: -67.1 | H39: 99.8
A40: =C40&B40 -> Dynamic rangePORT7 | B40: PORT7 | C40: Dynamic range | D40: -69.1 | F40: -67.1 | H40: 99.8
A41: =C41&B41 -> Dynamic rangePORT8 | B41: PORT8 | C41: Dynamic range | D41: -69.1 | F41: -67.1 | H41: 99.8
A42: =C42&B42 -> Dynamic rangePORT9 | B42: PORT9 | C42: Dynamic range | D42: -69.1 | F42: -67.1 | H42: 98.9
A43: =C43&B43 -> Dynamic rangePORT10 | B43: PORT10 | C43: Dynamic range | D43: -69.1 | F43: -67.1 | H43: 99.8
A44: =C44&B44 -> Dynamic rangePORT11 | B44: PORT11 | C44: Dynamic range | D44: -69.1 | F44: -67.1 | H44: 99.8
A45: =C45&B45 -> Dynamic rangePORT12 | B45: PORT12 | C45: Dynamic range | D45: -69.1 | F45: -67.1 | H45: 99.8
... A289: =C289&B289 -> In-channel selectivityPORT32 | B289: PORT32 | C289: In-channel selectivity | D289: -71.4 | F289: -55.4 | H289: 99.8

Sheet Conclutsion
A2: Requirements | C2: Test Model | D2: Unit | E2: SPECS | F2: TS38.104 Test requirements | G2: TS38.141-1 Test requirements | H2: QCVN128 Test requirements | I2: MIN | J2: MAX | K2: PASS FAIL | L2: NOTE
A3: Base station Type | E3: 1-H
A4: Base station Class | E4: Wide Area
A5: Frequency | D5: MHz | E5: 2550
A6: Bandwidth | D6: MHz | E6: 100
A7: Base station output power | C7: TM1.1 | D7: dBm | E7: 40 | F7: In normal conditions, Pmax,c,TABC shall remain within +2 dB and -2 dB of the rated carrier output power Prated,c,TABC for each TAB connector as declared by the manufacturer. In extreme conditions, Pmax,c,TABC shall remain within +2.5 dB and -2.5 dB of the rated carrier output power Prated,c,TABC for each TAB connector as declared by the manufacturer. | G7: TS 38141.1 Chapter 6.2 Table 6.2.5-1: Test requirement for conducted BS output power Normal conditions: 3.0 GHz < f ≤ 6.0 GHz: ± 3.0 dB Extreme conditions: 3.0 GHz < f ≤ 6.0 GHz: ± 3.5 dB (NR TM: TM1.1) | I7: =MIN('[2]CH1-CH8'!K16:K23,'[2]CH9-CH16'!K16:K23,'[2]CH17-CH24'!K16:K23,'[2]CH25-CH32'!K16:K23) -> 39.6 | J7: =MAX('[2]CH1-CH8'!K16:K23,'[2]CH9-CH16'!K16:K23,'[2]CH17-CH24'!K16:K23,'[2]CH25-CH32'!K16:K23) -> 41.1
A8: Total power dynamic range | C8: TM2.0a TM3.1a | D8: dB | E8: 23.9 | F8: 6.3.3.2 Minimum requirement for BS type 1-C and BS type 1-H 100MHz/30 kHz SCS: Total power dynamic range ≥ 24.3 dB | G8: Table 6.3.3.5-1: BS total power dynamic range 100MHz/30 kHz SCS: Total power dynamic range ≥ 23.9 dB (NR TM: TM2.0a TM3.1a)
A9: Transmitter OFF power | C9: TM1.1 | D9: dBm | E9: -82.5
A10: Transmitter transient period | C10: TM1.1 | D10: us | E10: 10
A11: Frequency error | C11: TM2.0 TM2.0a TM3.1 TM3.1a | D11: Hz | E11: 139.5 | F11: ±0.05 ppm | G11: ±(0.05 ppm + 12 Hz) | H11: ±0.05 ppm
A12: Modulation quality | B12: QPSK | C12: TM3.3 | D12: % | E12: 18.5 | F12: 0.175 | G12: 0.185 | H12: 0.175
B13: 16 QAM | C13: TM3.2 | D13: % | E13: 13.5 | F13: 0.125 | G13: 0.135 | H13: 0.125
B14: 64 QAM | C14: TM3.1 | D14: % | E14: 9 | F14: 0.08 | G14: 0.09 | H14: 0.08
B15: 256 QAM | C15: TM3.1a | D15: % | E15: 4.5 | F15: 0.035 | G15: 0.045 | H15: 0.035
A16: Time alignment error | C16: TM1.1 | D16: ns | E16: 90 | F16: For MIMO transmission, at each carrier frequency, TAE shall not exceed 65 ns. | G16: For MIMO transmission, at each carrier frequency, TAE shall not exceed 90 ns | H16: For MIMO transmission, at each carrier frequency, TAE shall not exceed 65 ns.
A17: Occupied bandwidth | C17: TM1.1 | D17: MHz | E17: 98.28
A18: Adjacent channel leakage power | C18: TM1.1 TM1.2 | D18: dBc | E18: 43.8
A19: Operating band Unwanted emissions | C19: TM1.1 TM1.2 | D19: dBm | F19: 0 MHz ≤ Δf < 5 MHz: RBW 100 kHz < | G19: 0 MHz ≤ Δf < 5 MHz: RBW 100 kHz < | H19: 0 MHz ≤ Δf < 5 MHz: RBW 100 kHz <
C20: TM1.1 TM1.2 | D20: dBm | F20: 5 MHz ≤ Δf ≤ min (10 MHz, Δfmax): RBW 100 kHz < -12.2 dBm | G20: 6 MHz ≤ Δf ≤ min (10 MHz, Δfmax): RBW 100 kHz < -12.2 dBm | H20: 7 MHz ≤ Δf ≤ min (10 MHz, Δfmax): RBW 100 kHz < -12.2 dBm
C21: TM1.1 TM1.2 | D21: dBm | F21: 10 MHz ≤ Δf Δfmax: RBW 1 MHz < -15 dBm | G21: 11 MHz ≤ Δf Δfmax: RBW 1 MHz < -15 dBm | H21: 12 MHz ≤ Δf Δfmax: RBW 1 MHz < -15 dBm
A22: Transmitter intermodulation | B22: Adjacent channel leakage power | C22: TM1.1 | D22: dBc | E22: 43.8
B23: Operating band Unwanted emissions | C23: TM1.1 | D23: dBm | F23: 0 MHz ≤ Δf < 5 MHz: RBW 100 kHz < | G23: 0 MHz ≤ Δf < 5 MHz: RBW 100 kHz < | H23: 0 MHz ≤ Δf < 5 MHz: RBW 100 kHz <
C24: TM1.1 | D24: dBm | F24: 5 MHz ≤ Δf ≤ min (10 MHz, Δfmax): RBW 100 kHz < -12.2 dBm | G24: 6 MHz ≤ Δf ≤ min (10 MHz, Δfmax): RBW 100 kHz < -12.2 dBm | H24: 7 MHz ≤ Δf ≤ min (10 MHz, Δfmax): RBW 100 kHz < -12.2 dBm
C25: TM1.1 | D25: dBm | F25: 10 MHz ≤ Δf Δfmax: RBW 1 MHz < -15 dBm | G25: 11 MHz ≤ Δf Δfmax: RBW 1 MHz < -15 dBm | H25: 12 MHz ≤ Δf Δfmax: RBW 1 MHz < -15 dBm
B26: Transmitter spurious emission | C26: TM1.1 | D26: dBm
